Timing Analyzer report for commutator
Sat Oct 10 19:16:48 2026
Quartus Prime Version 21.1.1 Build 850 06/23/2022 SJ Lite Edition


---------------------
; Table of Contents ;
---------------------
  1. Legal Notice
  2. Timing Analyzer Summary
  3. Parallel Compilation
  4. Clocks
  5. Slow 1200mV 85C Model Fmax Summary
  6. Timing Closure Recommendations
  7. Slow 1200mV 85C Model Setup Summary
  8. Slow 1200mV 85C Model Hold Summary
  9. Slow 1200mV 85C Model Recovery Summary
 10. Slow 1200mV 85C Model Removal Summary
 11. Slow 1200mV 85C Model Minimum Pulse Width Summary
 12. Slow 1200mV 85C Model Setup: 'CLK'
 13. Slow 1200mV 85C Model Hold: 'CLK'
 14. Slow 1200mV 85C Model Recovery: 'CLK'
 15. Slow 1200mV 85C Model Removal: 'CLK'
 16. Slow 1200mV 85C Model Metastability Summary
 17. Slow 1200mV 0C Model Fmax Summary
 18. Slow 1200mV 0C Model Setup Summary
 19. Slow 1200mV 0C Model Hold Summary
 20. Slow 1200mV 0C Model Recovery Summary
 21. Slow 1200mV 0C Model Removal Summary
 22. Slow 1200mV 0C Model Minimum Pulse Width Summary
 23. Slow 1200mV 0C Model Setup: 'CLK'
 24. Slow 1200mV 0C Model Hold: 'CLK'
 25. Slow 1200mV 0C Model Recovery: 'CLK'
 26. Slow 1200mV 0C Model Removal: 'CLK'
 27. Slow 1200mV 0C Model Metastability Summary
 28. Fast 1200mV 0C Model Setup Summary
 29. Fast 1200mV 0C Model Hold Summary
 30. Fast 1200mV 0C Model Recovery Summary
 31. Fast 1200mV 0C Model Removal Summary
 32. Fast 1200mV 0C Model Minimum Pulse Width Summary
 33. Fast 1200mV 0C Model Setup: 'CLK'
 34. Fast 1200mV 0C Model Hold: 'CLK'
 35. Fast 1200mV 0C Model Recovery: 'CLK'
 36. Fast 1200mV 0C Model Removal: 'CLK'
 37. Fast 1200mV 0C Model Metastability Summary
 38. Multicorner Timing Analysis Summary
 39. Board Trace Model Assignments
 40. Input Transition Times
 41. Signal Integrity Metrics (Slow 1200mv 0c Model)
 42. Signal Integrity Metrics (Slow 1200mv 85c Model)
 43. Signal Integrity Metrics (Fast 1200mv 0c Model)
 44. Setup Transfers
 45. Hold Transfers
 46. Recovery Transfers
 47. Removal Transfers
 48. Report TCCS
 49. Report RSKM
 50. Unconstrained Paths Summary
 51. Clock Status Summary
 52. Unconstrained Input Ports
 53. Unconstrained Output Ports
 54. Unconstrained Input Ports
 55. Unconstrained Output Ports
 56. Timing Analyzer Messages



----------------
; Legal Notice ;
----------------
Copyright (C) 2022  Intel Corporation. All rights reserved.
Your use of Intel Corporation's design tools, logic functions 
and other software and tools, and any partner logic 
functions, and any output files from any of the foregoing 
(including device programming or simulation files), and any 
associated documentation or information are expressly subject 
to the terms and conditions of the Intel Program License 
Subscription Agreement, the Intel Quartus Prime License Agreement,
the Intel FPGA IP License Agreement, or other applicable license
agreement, including, without limitation, that your use is for
the sole purpose of programming logic devices manufactured by
Intel and sold by Intel or its authorized distributors.  Please
refer to the applicable agreement for further details, at
https://fpgasoftware.intel.com/eula.



+-----------------------------------------------------------------------------+
; Timing Analyzer Summary                                                     ;
+-----------------------+-----------------------------------------------------+
; Quartus Prime Version ; Version 21.1.1 Build 850 06/23/2022 SJ Lite Edition ;
; Timing Analyzer       ; Legacy Timing Analyzer                              ;
; Revision Name         ; commutator                                          ;
; Device Family         ; Cyclone IV E                                        ;
; Device Name           ; EP4CE6E22C8                                         ;
; Timing Models         ; Final                                               ;
; Delay Model           ; Combined                                            ;
; Rise/Fall Delays      ; Enabled                                             ;
+-----------------------+-----------------------------------------------------+


+------------------------------------------+
; Parallel Compilation                     ;
+----------------------------+-------------+
; Processors                 ; Number      ;
+----------------------------+-------------+
; Number detected on machine ; 12          ;
; Maximum allowed            ; 12          ;
;                            ;             ;
; Average used               ; 1.05        ;
; Maximum used               ; 12          ;
;                            ;             ;
; Usage by Processor         ; % Time Used ;
;     Processor 1            ; 100.0%      ;
;     Processors 2-12        ;   0.4%      ;
+----------------------------+-------------+


+---------------------------------------------------------------------------------------------------------------------------------------------------------------------------------+
; Clocks                                                                                                                                                                          ;
+------------+------+--------+------------+-------+-------+------------+-----------+-------------+-------+--------+-----------+------------+----------+--------+--------+---------+
; Clock Name ; Type ; Period ; Frequency  ; Rise  ; Fall  ; Duty Cycle ; Divide by ; Multiply by ; Phase ; Offset ; Edge List ; Edge Shift ; Inverted ; Master ; Source ; Targets ;
+------------+------+--------+------------+-------+-------+------------+-----------+-------------+-------+--------+-----------+------------+----------+--------+--------+---------+
; CLK        ; Base ; 1.000  ; 1000.0 MHz ; 0.000 ; 0.500 ;            ;           ;             ;       ;        ;           ;            ;          ;        ;        ; { CLK } ;
+------------+------+--------+------------+-------+-------+------------+-----------+-------------+-------+--------+-----------+------------+----------+--------+--------+---------+


+--------------------------------------------------+
; Slow 1200mV 85C Model Fmax Summary               ;
+------------+-----------------+------------+------+
; Fmax       ; Restricted Fmax ; Clock Name ; Note ;
+------------+-----------------+------------+------+
; 207.51 MHz ; 207.51 MHz      ; CLK        ;      ;
+------------+-----------------+------------+------+
This panel reports FMAX for every clock in the design, regardless of the user-specified clock periods.  FMAX is only computed for paths where the source and destination registers or ports are driven by the same clock.  Paths of different clocks, including generated clocks, are ignored.  For paths between a clock and its inversion, FMAX is computed as if the rising and falling edges are scaled along with FMAX, such that the duty cycle (in terms of a percentage) is maintained. Altera recommends that you always use clock constraints and other slack reports for sign-off analysis.


----------------------------------
; Timing Closure Recommendations ;
----------------------------------
HTML report is unavailable in plain text report export.


+-------------------------------------+
; Slow 1200mV 85C Model Setup Summary ;
+-------+--------+--------------------+
; Clock ; Slack  ; End Point TNS      ;
+-------+--------+--------------------+
; CLK   ; -3.819 ; -155.156           ;
+-------+--------+--------------------+


+------------------------------------+
; Slow 1200mV 85C Model Hold Summary ;
+-------+-------+--------------------+
; Clock ; Slack ; End Point TNS      ;
+-------+-------+--------------------+
; CLK   ; 0.435 ; 0.000              ;
+-------+-------+--------------------+


+----------------------------------------+
; Slow 1200mV 85C Model Recovery Summary ;
+-------+--------+-----------------------+
; Clock ; Slack  ; End Point TNS         ;
+-------+--------+-----------------------+
; CLK   ; -0.922 ; -15.897               ;
+-------+--------+-----------------------+


+---------------------------------------+
; Slow 1200mV 85C Model Removal Summary ;
+-------+-------+-----------------------+
; Clock ; Slack ; End Point TNS         ;
+-------+-------+-----------------------+
; CLK   ; 0.649 ; 0.000                 ;
+-------+-------+-----------------------+


+---------------------------------------------------+
; Slow 1200mV 85C Model Minimum Pulse Width Summary ;
+-------+--------+----------------------------------+
; Clock ; Slack  ; End Point TNS                    ;
+-------+--------+----------------------------------+
; CLK   ; -3.000 ; -96.681                          ;
+-------+--------+----------------------------------+


+--------------------------------------------------------------------------------------------------------------------------------------------------------------+
; Slow 1200mV 85C Model Setup: 'CLK'                                                                                                                           ;
+--------+---------------------------------------+---------------------------------------+--------------+-------------+--------------+------------+------------+
; Slack  ; From Node                             ; To Node                               ; Launch Clock ; Latch Clock ; Relationship ; Clock Skew ; Data Delay ;
+--------+---------------------------------------+---------------------------------------+--------------+-------------+--------------+------------+------------+
; -3.819 ; commutator:u_commutator|key_count[4]  ; commutator:u_commutator|key_count[0]  ; CLK          ; CLK         ; 1.000        ; -0.575     ; 4.245      ;
; -3.819 ; commutator:u_commutator|key_count[4]  ; commutator:u_commutator|key_count[1]  ; CLK          ; CLK         ; 1.000        ; -0.575     ; 4.245      ;
; -3.819 ; commutator:u_commutator|key_count[4]  ; commutator:u_commutator|key_count[2]  ; CLK          ; CLK         ; 1.000        ; -0.575     ; 4.245      ;
; -3.819 ; commutator:u_commutator|key_count[4]  ; commutator:u_commutator|key_count[3]  ; CLK          ; CLK         ; 1.000        ; -0.575     ; 4.245      ;
; -3.819 ; commutator:u_commutator|key_count[4]  ; commutator:u_commutator|key_count[5]  ; CLK          ; CLK         ; 1.000        ; -0.575     ; 4.245      ;
; -3.819 ; commutator:u_commutator|key_count[4]  ; commutator:u_commutator|key_count[6]  ; CLK          ; CLK         ; 1.000        ; -0.575     ; 4.245      ;
; -3.819 ; commutator:u_commutator|key_count[4]  ; commutator:u_commutator|key_count[7]  ; CLK          ; CLK         ; 1.000        ; -0.575     ; 4.245      ;
; -3.772 ; commutator:u_commutator|key_count[2]  ; commutator:u_commutator|key_count[0]  ; CLK          ; CLK         ; 1.000        ; -0.081     ; 4.692      ;
; -3.772 ; commutator:u_commutator|key_count[2]  ; commutator:u_commutator|key_count[1]  ; CLK          ; CLK         ; 1.000        ; -0.081     ; 4.692      ;
; -3.772 ; commutator:u_commutator|key_count[2]  ; commutator:u_commutator|key_count[2]  ; CLK          ; CLK         ; 1.000        ; -0.081     ; 4.692      ;
; -3.772 ; commutator:u_commutator|key_count[2]  ; commutator:u_commutator|key_count[3]  ; CLK          ; CLK         ; 1.000        ; -0.081     ; 4.692      ;
; -3.772 ; commutator:u_commutator|key_count[2]  ; commutator:u_commutator|key_count[5]  ; CLK          ; CLK         ; 1.000        ; -0.081     ; 4.692      ;
; -3.772 ; commutator:u_commutator|key_count[2]  ; commutator:u_commutator|key_count[6]  ; CLK          ; CLK         ; 1.000        ; -0.081     ; 4.692      ;
; -3.772 ; commutator:u_commutator|key_count[2]  ; commutator:u_commutator|key_count[7]  ; CLK          ; CLK         ; 1.000        ; -0.081     ; 4.692      ;
; -3.769 ; commutator:u_commutator|key_count[0]  ; commutator:u_commutator|key_count[0]  ; CLK          ; CLK         ; 1.000        ; -0.081     ; 4.689      ;
; -3.769 ; commutator:u_commutator|key_count[0]  ; commutator:u_commutator|key_count[1]  ; CLK          ; CLK         ; 1.000        ; -0.081     ; 4.689      ;
; -3.769 ; commutator:u_commutator|key_count[0]  ; commutator:u_commutator|key_count[2]  ; CLK          ; CLK         ; 1.000        ; -0.081     ; 4.689      ;
; -3.769 ; commutator:u_commutator|key_count[0]  ; commutator:u_commutator|key_count[3]  ; CLK          ; CLK         ; 1.000        ; -0.081     ; 4.689      ;
; -3.769 ; commutator:u_commutator|key_count[0]  ; commutator:u_commutator|key_count[5]  ; CLK          ; CLK         ; 1.000        ; -0.081     ; 4.689      ;
; -3.769 ; commutator:u_commutator|key_count[0]  ; commutator:u_commutator|key_count[6]  ; CLK          ; CLK         ; 1.000        ; -0.081     ; 4.689      ;
; -3.769 ; commutator:u_commutator|key_count[0]  ; commutator:u_commutator|key_count[7]  ; CLK          ; CLK         ; 1.000        ; -0.081     ; 4.689      ;
; -3.728 ; commutator:u_commutator|key_count[8]  ; commutator:u_commutator|key_count[0]  ; CLK          ; CLK         ; 1.000        ; -0.575     ; 4.154      ;
; -3.728 ; commutator:u_commutator|key_count[8]  ; commutator:u_commutator|key_count[1]  ; CLK          ; CLK         ; 1.000        ; -0.575     ; 4.154      ;
; -3.728 ; commutator:u_commutator|key_count[8]  ; commutator:u_commutator|key_count[2]  ; CLK          ; CLK         ; 1.000        ; -0.575     ; 4.154      ;
; -3.728 ; commutator:u_commutator|key_count[8]  ; commutator:u_commutator|key_count[3]  ; CLK          ; CLK         ; 1.000        ; -0.575     ; 4.154      ;
; -3.728 ; commutator:u_commutator|key_count[8]  ; commutator:u_commutator|key_count[5]  ; CLK          ; CLK         ; 1.000        ; -0.575     ; 4.154      ;
; -3.728 ; commutator:u_commutator|key_count[8]  ; commutator:u_commutator|key_count[6]  ; CLK          ; CLK         ; 1.000        ; -0.575     ; 4.154      ;
; -3.728 ; commutator:u_commutator|key_count[8]  ; commutator:u_commutator|key_count[7]  ; CLK          ; CLK         ; 1.000        ; -0.575     ; 4.154      ;
; -3.613 ; commutator:u_commutator|key_count[9]  ; commutator:u_commutator|key_count[0]  ; CLK          ; CLK         ; 1.000        ; -0.575     ; 4.039      ;
; -3.613 ; commutator:u_commutator|key_count[9]  ; commutator:u_commutator|key_count[1]  ; CLK          ; CLK         ; 1.000        ; -0.575     ; 4.039      ;
; -3.613 ; commutator:u_commutator|key_count[9]  ; commutator:u_commutator|key_count[2]  ; CLK          ; CLK         ; 1.000        ; -0.575     ; 4.039      ;
; -3.613 ; commutator:u_commutator|key_count[9]  ; commutator:u_commutator|key_count[3]  ; CLK          ; CLK         ; 1.000        ; -0.575     ; 4.039      ;
; -3.613 ; commutator:u_commutator|key_count[9]  ; commutator:u_commutator|key_count[5]  ; CLK          ; CLK         ; 1.000        ; -0.575     ; 4.039      ;
; -3.613 ; commutator:u_commutator|key_count[9]  ; commutator:u_commutator|key_count[6]  ; CLK          ; CLK         ; 1.000        ; -0.575     ; 4.039      ;
; -3.613 ; commutator:u_commutator|key_count[9]  ; commutator:u_commutator|key_count[7]  ; CLK          ; CLK         ; 1.000        ; -0.575     ; 4.039      ;
; -3.594 ; commutator:u_commutator|key_count[1]  ; commutator:u_commutator|key_count[0]  ; CLK          ; CLK         ; 1.000        ; -0.081     ; 4.514      ;
; -3.594 ; commutator:u_commutator|key_count[1]  ; commutator:u_commutator|key_count[1]  ; CLK          ; CLK         ; 1.000        ; -0.081     ; 4.514      ;
; -3.594 ; commutator:u_commutator|key_count[1]  ; commutator:u_commutator|key_count[2]  ; CLK          ; CLK         ; 1.000        ; -0.081     ; 4.514      ;
; -3.594 ; commutator:u_commutator|key_count[1]  ; commutator:u_commutator|key_count[3]  ; CLK          ; CLK         ; 1.000        ; -0.081     ; 4.514      ;
; -3.594 ; commutator:u_commutator|key_count[1]  ; commutator:u_commutator|key_count[5]  ; CLK          ; CLK         ; 1.000        ; -0.081     ; 4.514      ;
; -3.594 ; commutator:u_commutator|key_count[1]  ; commutator:u_commutator|key_count[6]  ; CLK          ; CLK         ; 1.000        ; -0.081     ; 4.514      ;
; -3.594 ; commutator:u_commutator|key_count[1]  ; commutator:u_commutator|key_count[7]  ; CLK          ; CLK         ; 1.000        ; -0.081     ; 4.514      ;
; -3.553 ; commutator:u_commutator|key_count[7]  ; commutator:u_commutator|key_count[0]  ; CLK          ; CLK         ; 1.000        ; -0.081     ; 4.473      ;
; -3.553 ; commutator:u_commutator|key_count[7]  ; commutator:u_commutator|key_count[1]  ; CLK          ; CLK         ; 1.000        ; -0.081     ; 4.473      ;
; -3.553 ; commutator:u_commutator|key_count[7]  ; commutator:u_commutator|key_count[2]  ; CLK          ; CLK         ; 1.000        ; -0.081     ; 4.473      ;
; -3.553 ; commutator:u_commutator|key_count[7]  ; commutator:u_commutator|key_count[3]  ; CLK          ; CLK         ; 1.000        ; -0.081     ; 4.473      ;
; -3.553 ; commutator:u_commutator|key_count[7]  ; commutator:u_commutator|key_count[5]  ; CLK          ; CLK         ; 1.000        ; -0.081     ; 4.473      ;
; -3.553 ; commutator:u_commutator|key_count[7]  ; commutator:u_commutator|key_count[6]  ; CLK          ; CLK         ; 1.000        ; -0.081     ; 4.473      ;
; -3.553 ; commutator:u_commutator|key_count[7]  ; commutator:u_commutator|key_count[7]  ; CLK          ; CLK         ; 1.000        ; -0.081     ; 4.473      ;
; -3.544 ; commutator:u_commutator|key_count[6]  ; commutator:u_commutator|key_count[0]  ; CLK          ; CLK         ; 1.000        ; -0.081     ; 4.464      ;
; -3.544 ; commutator:u_commutator|key_count[6]  ; commutator:u_commutator|key_count[1]  ; CLK          ; CLK         ; 1.000        ; -0.081     ; 4.464      ;
; -3.544 ; commutator:u_commutator|key_count[6]  ; commutator:u_commutator|key_count[2]  ; CLK          ; CLK         ; 1.000        ; -0.081     ; 4.464      ;
; -3.544 ; commutator:u_commutator|key_count[6]  ; commutator:u_commutator|key_count[3]  ; CLK          ; CLK         ; 1.000        ; -0.081     ; 4.464      ;
; -3.544 ; commutator:u_commutator|key_count[6]  ; commutator:u_commutator|key_count[5]  ; CLK          ; CLK         ; 1.000        ; -0.081     ; 4.464      ;
; -3.544 ; commutator:u_commutator|key_count[6]  ; commutator:u_commutator|key_count[6]  ; CLK          ; CLK         ; 1.000        ; -0.081     ; 4.464      ;
; -3.544 ; commutator:u_commutator|key_count[6]  ; commutator:u_commutator|key_count[7]  ; CLK          ; CLK         ; 1.000        ; -0.081     ; 4.464      ;
; -3.463 ; commutator:u_commutator|key_count[3]  ; commutator:u_commutator|key_count[0]  ; CLK          ; CLK         ; 1.000        ; -0.081     ; 4.383      ;
; -3.463 ; commutator:u_commutator|key_count[3]  ; commutator:u_commutator|key_count[1]  ; CLK          ; CLK         ; 1.000        ; -0.081     ; 4.383      ;
; -3.463 ; commutator:u_commutator|key_count[3]  ; commutator:u_commutator|key_count[2]  ; CLK          ; CLK         ; 1.000        ; -0.081     ; 4.383      ;
; -3.463 ; commutator:u_commutator|key_count[3]  ; commutator:u_commutator|key_count[3]  ; CLK          ; CLK         ; 1.000        ; -0.081     ; 4.383      ;
; -3.463 ; commutator:u_commutator|key_count[3]  ; commutator:u_commutator|key_count[5]  ; CLK          ; CLK         ; 1.000        ; -0.081     ; 4.383      ;
; -3.463 ; commutator:u_commutator|key_count[3]  ; commutator:u_commutator|key_count[6]  ; CLK          ; CLK         ; 1.000        ; -0.081     ; 4.383      ;
; -3.463 ; commutator:u_commutator|key_count[3]  ; commutator:u_commutator|key_count[7]  ; CLK          ; CLK         ; 1.000        ; -0.081     ; 4.383      ;
; -3.458 ; commutator:u_commutator|key_count[5]  ; commutator:u_commutator|key_count[0]  ; CLK          ; CLK         ; 1.000        ; -0.081     ; 4.378      ;
; -3.458 ; commutator:u_commutator|key_count[5]  ; commutator:u_commutator|key_count[1]  ; CLK          ; CLK         ; 1.000        ; -0.081     ; 4.378      ;
; -3.458 ; commutator:u_commutator|key_count[5]  ; commutator:u_commutator|key_count[2]  ; CLK          ; CLK         ; 1.000        ; -0.081     ; 4.378      ;
; -3.458 ; commutator:u_commutator|key_count[5]  ; commutator:u_commutator|key_count[3]  ; CLK          ; CLK         ; 1.000        ; -0.081     ; 4.378      ;
; -3.458 ; commutator:u_commutator|key_count[5]  ; commutator:u_commutator|key_count[5]  ; CLK          ; CLK         ; 1.000        ; -0.081     ; 4.378      ;
; -3.458 ; commutator:u_commutator|key_count[5]  ; commutator:u_commutator|key_count[6]  ; CLK          ; CLK         ; 1.000        ; -0.081     ; 4.378      ;
; -3.458 ; commutator:u_commutator|key_count[5]  ; commutator:u_commutator|key_count[7]  ; CLK          ; CLK         ; 1.000        ; -0.081     ; 4.378      ;
; -3.400 ; commutator:u_commutator|key_count[13] ; commutator:u_commutator|key_count[0]  ; CLK          ; CLK         ; 1.000        ; -0.081     ; 4.320      ;
; -3.400 ; commutator:u_commutator|key_count[13] ; commutator:u_commutator|key_count[1]  ; CLK          ; CLK         ; 1.000        ; -0.081     ; 4.320      ;
; -3.400 ; commutator:u_commutator|key_count[13] ; commutator:u_commutator|key_count[2]  ; CLK          ; CLK         ; 1.000        ; -0.081     ; 4.320      ;
; -3.400 ; commutator:u_commutator|key_count[13] ; commutator:u_commutator|key_count[3]  ; CLK          ; CLK         ; 1.000        ; -0.081     ; 4.320      ;
; -3.400 ; commutator:u_commutator|key_count[13] ; commutator:u_commutator|key_count[5]  ; CLK          ; CLK         ; 1.000        ; -0.081     ; 4.320      ;
; -3.400 ; commutator:u_commutator|key_count[13] ; commutator:u_commutator|key_count[6]  ; CLK          ; CLK         ; 1.000        ; -0.081     ; 4.320      ;
; -3.400 ; commutator:u_commutator|key_count[13] ; commutator:u_commutator|key_count[7]  ; CLK          ; CLK         ; 1.000        ; -0.081     ; 4.320      ;
; -3.399 ; commutator:u_commutator|key_count[14] ; commutator:u_commutator|key_count[0]  ; CLK          ; CLK         ; 1.000        ; -0.081     ; 4.319      ;
; -3.399 ; commutator:u_commutator|key_count[14] ; commutator:u_commutator|key_count[1]  ; CLK          ; CLK         ; 1.000        ; -0.081     ; 4.319      ;
; -3.399 ; commutator:u_commutator|key_count[14] ; commutator:u_commutator|key_count[2]  ; CLK          ; CLK         ; 1.000        ; -0.081     ; 4.319      ;
; -3.399 ; commutator:u_commutator|key_count[14] ; commutator:u_commutator|key_count[3]  ; CLK          ; CLK         ; 1.000        ; -0.081     ; 4.319      ;
; -3.399 ; commutator:u_commutator|key_count[14] ; commutator:u_commutator|key_count[5]  ; CLK          ; CLK         ; 1.000        ; -0.081     ; 4.319      ;
; -3.399 ; commutator:u_commutator|key_count[14] ; commutator:u_commutator|key_count[6]  ; CLK          ; CLK         ; 1.000        ; -0.081     ; 4.319      ;
; -3.399 ; commutator:u_commutator|key_count[14] ; commutator:u_commutator|key_count[7]  ; CLK          ; CLK         ; 1.000        ; -0.081     ; 4.319      ;
; -3.345 ; commutator:u_commutator|key_count[4]  ; commutator:u_commutator|key_count[4]  ; CLK          ; CLK         ; 1.000        ; -0.101     ; 4.245      ;
; -3.345 ; commutator:u_commutator|key_count[4]  ; commutator:u_commutator|key_count[8]  ; CLK          ; CLK         ; 1.000        ; -0.101     ; 4.245      ;
; -3.345 ; commutator:u_commutator|key_count[4]  ; commutator:u_commutator|key_count[9]  ; CLK          ; CLK         ; 1.000        ; -0.101     ; 4.245      ;
; -3.337 ; commutator:u_commutator|key_count[4]  ; commutator:u_commutator|key_count[11] ; CLK          ; CLK         ; 1.000        ; -0.575     ; 3.763      ;
; -3.337 ; commutator:u_commutator|key_count[4]  ; commutator:u_commutator|key_count[12] ; CLK          ; CLK         ; 1.000        ; -0.575     ; 3.763      ;
; -3.337 ; commutator:u_commutator|key_count[4]  ; commutator:u_commutator|key_count[13] ; CLK          ; CLK         ; 1.000        ; -0.575     ; 3.763      ;
; -3.337 ; commutator:u_commutator|key_count[4]  ; commutator:u_commutator|key_count[14] ; CLK          ; CLK         ; 1.000        ; -0.575     ; 3.763      ;
; -3.337 ; commutator:u_commutator|key_count[4]  ; commutator:u_commutator|key_count[15] ; CLK          ; CLK         ; 1.000        ; -0.575     ; 3.763      ;
; -3.337 ; commutator:u_commutator|key_count[4]  ; commutator:u_commutator|key_count[17] ; CLK          ; CLK         ; 1.000        ; -0.575     ; 3.763      ;
; -3.337 ; commutator:u_commutator|key_count[4]  ; commutator:u_commutator|key_count[18] ; CLK          ; CLK         ; 1.000        ; -0.575     ; 3.763      ;
; -3.337 ; commutator:u_commutator|key_count[4]  ; commutator:u_commutator|key_count[19] ; CLK          ; CLK         ; 1.000        ; -0.575     ; 3.763      ;
; -3.298 ; commutator:u_commutator|key_count[2]  ; commutator:u_commutator|key_count[4]  ; CLK          ; CLK         ; 1.000        ; 0.393      ; 4.692      ;
; -3.298 ; commutator:u_commutator|key_count[2]  ; commutator:u_commutator|key_count[8]  ; CLK          ; CLK         ; 1.000        ; 0.393      ; 4.692      ;
; -3.298 ; commutator:u_commutator|key_count[2]  ; commutator:u_commutator|key_count[9]  ; CLK          ; CLK         ; 1.000        ; 0.393      ; 4.692      ;
; -3.295 ; commutator:u_commutator|key_count[0]  ; commutator:u_commutator|key_count[4]  ; CLK          ; CLK         ; 1.000        ; 0.393      ; 4.689      ;
; -3.295 ; commutator:u_commutator|key_count[0]  ; commutator:u_commutator|key_count[8]  ; CLK          ; CLK         ; 1.000        ; 0.393      ; 4.689      ;
+--------+---------------------------------------+---------------------------------------+--------------+-------------+--------------+------------+------------+


+----------------------------------------------------------------------------------------------------------------------------------------------------------------------------------------------------+
; Slow 1200mV 85C Model Hold: 'CLK'                                                                                                                                                                  ;
+-------+---------------------------------------------------------+------------------------------------------------------------+--------------+-------------+--------------+------------+------------+
; Slack ; From Node                                               ; To Node                                                    ; Launch Clock ; Latch Clock ; Relationship ; Clock Skew ; Data Delay ;
+-------+---------------------------------------------------------+------------------------------------------------------------+--------------+-------------+--------------+------------+------------+
; 0.435 ; commutator:u_commutator|seven_seg_disp:display|index[1] ; commutator:u_commutator|seven_seg_disp:display|index[1]    ; CLK          ; CLK         ; 0.000        ; 0.099      ; 0.746      ;
; 0.435 ; commutator:u_commutator|seven_seg_disp:display|index[0] ; commutator:u_commutator|seven_seg_disp:display|index[0]    ; CLK          ; CLK         ; 0.000        ; 0.099      ; 0.746      ;
; 0.452 ; commutator:u_commutator|state[0]                        ; commutator:u_commutator|state[0]                           ; CLK          ; CLK         ; 0.000        ; 0.082      ; 0.746      ;
; 0.452 ; commutator:u_commutator|state[1]                        ; commutator:u_commutator|state[1]                           ; CLK          ; CLK         ; 0.000        ; 0.082      ; 0.746      ;
; 0.452 ; commutator:u_commutator|key_stable                      ; commutator:u_commutator|key_stable                         ; CLK          ; CLK         ; 0.000        ; 0.082      ; 0.746      ;
; 0.501 ; address_meta[1]                                         ; address_bits[1]                                            ; CLK          ; CLK         ; 0.000        ; 0.082      ; 0.795      ;
; 0.501 ; address_meta[0]                                         ; address_bits[0]                                            ; CLK          ; CLK         ; 0.000        ; 0.082      ; 0.795      ;
; 0.502 ; address_meta[2]                                         ; address_bits[2]                                            ; CLK          ; CLK         ; 0.000        ; 0.082      ; 0.796      ;
; 0.526 ; address_bits[1]                                         ; commutator:u_commutator|dst_reg[1]                         ; CLK          ; CLK         ; 0.000        ; 0.082      ; 0.820      ;
; 0.526 ; commutator:u_commutator|key_stable                      ; commutator:u_commutator|state[0]                           ; CLK          ; CLK         ; 0.000        ; 0.082      ; 0.820      ;
; 0.528 ; address_bits[2]                                         ; commutator:u_commutator|dst_reg[2]                         ; CLK          ; CLK         ; 0.000        ; 0.082      ; 0.822      ;
; 0.540 ; commutator:u_commutator|key_stable                      ; commutator:u_commutator|state[1]                           ; CLK          ; CLK         ; 0.000        ; 0.082      ; 0.834      ;
; 0.541 ; commutator:u_commutator|key_stable                      ; commutator:u_commutator|key_previous                       ; CLK          ; CLK         ; 0.000        ; 0.082      ; 0.835      ;
; 0.606 ; commutator:u_commutator|key_count[3]                    ; commutator:u_commutator|key_count[4]                       ; CLK          ; CLK         ; 0.000        ; 0.575      ; 1.393      ;
; 0.623 ; commutator:u_commutator|key_count[2]                    ; commutator:u_commutator|key_count[4]                       ; CLK          ; CLK         ; 0.000        ; 0.575      ; 1.410      ;
; 0.642 ; commutator:u_commutator|key_count[14]                   ; commutator:u_commutator|key_count[16]                      ; CLK          ; CLK         ; 0.000        ; 0.575      ; 1.429      ;
; 0.714 ; commutator:u_commutator|key_meta                        ; commutator:u_commutator|key_sync                           ; CLK          ; CLK         ; 0.000        ; 0.081      ; 1.007      ;
; 0.726 ; commutator:u_commutator|key_count[10]                   ; commutator:u_commutator|key_count[10]                      ; CLK          ; CLK         ; 0.000        ; 0.101      ; 1.039      ;
; 0.728 ; commutator:u_commutator|key_count[16]                   ; commutator:u_commutator|key_count[16]                      ; CLK          ; CLK         ; 0.000        ; 0.101      ; 1.041      ;
; 0.740 ; commutator:u_commutator|key_count[9]                    ; commutator:u_commutator|key_count[9]                       ; CLK          ; CLK         ; 0.000        ; 0.101      ; 1.053      ;
; 0.742 ; commutator:u_commutator|seven_seg_disp:display|cnt[15]  ; commutator:u_commutator|seven_seg_disp:display|cnt[15]     ; CLK          ; CLK         ; 0.000        ; 0.101      ; 1.055      ;
; 0.742 ; commutator:u_commutator|seven_seg_disp:display|cnt[5]   ; commutator:u_commutator|seven_seg_disp:display|cnt[5]      ; CLK          ; CLK         ; 0.000        ; 0.101      ; 1.055      ;
; 0.743 ; commutator:u_commutator|seven_seg_disp:display|cnt[6]   ; commutator:u_commutator|seven_seg_disp:display|cnt[6]      ; CLK          ; CLK         ; 0.000        ; 0.101      ; 1.056      ;
; 0.744 ; commutator:u_commutator|key_count[8]                    ; commutator:u_commutator|key_count[8]                       ; CLK          ; CLK         ; 0.000        ; 0.101      ; 1.057      ;
; 0.745 ; commutator:u_commutator|seven_seg_disp:display|cnt[2]   ; commutator:u_commutator|seven_seg_disp:display|cnt[2]      ; CLK          ; CLK         ; 0.000        ; 0.101      ; 1.058      ;
; 0.746 ; commutator:u_commutator|seven_seg_disp:display|cnt[16]  ; commutator:u_commutator|seven_seg_disp:display|cnt[16]     ; CLK          ; CLK         ; 0.000        ; 0.101      ; 1.059      ;
; 0.746 ; commutator:u_commutator|key_count[1]                    ; commutator:u_commutator|key_count[1]                       ; CLK          ; CLK         ; 0.000        ; 0.081      ; 1.039      ;
; 0.746 ; commutator:u_commutator|key_count[3]                    ; commutator:u_commutator|key_count[3]                       ; CLK          ; CLK         ; 0.000        ; 0.081      ; 1.039      ;
; 0.746 ; commutator:u_commutator|key_count[1]                    ; commutator:u_commutator|key_count[4]                       ; CLK          ; CLK         ; 0.000        ; 0.575      ; 1.533      ;
; 0.747 ; commutator:u_commutator|key_count[2]                    ; commutator:u_commutator|key_count[2]                       ; CLK          ; CLK         ; 0.000        ; 0.081      ; 1.040      ;
; 0.747 ; commutator:u_commutator|key_count[12]                   ; commutator:u_commutator|key_count[12]                      ; CLK          ; CLK         ; 0.000        ; 0.081      ; 1.040      ;
; 0.747 ; commutator:u_commutator|key_count[17]                   ; commutator:u_commutator|key_count[17]                      ; CLK          ; CLK         ; 0.000        ; 0.081      ; 1.040      ;
; 0.749 ; commutator:u_commutator|key_count[18]                   ; commutator:u_commutator|key_count[18]                      ; CLK          ; CLK         ; 0.000        ; 0.081      ; 1.042      ;
; 0.750 ; commutator:u_commutator|seven_seg_disp:display|index[0] ; commutator:u_commutator|seven_seg_disp:display|index[1]    ; CLK          ; CLK         ; 0.000        ; 0.099      ; 1.061      ;
; 0.754 ; commutator:u_commutator|seven_seg_disp:display|cnt[13]  ; commutator:u_commutator|seven_seg_disp:display|cnt[15]     ; CLK          ; CLK         ; 0.000        ; 0.575      ; 1.541      ;
; 0.762 ; commutator:u_commutator|key_count[0]                    ; commutator:u_commutator|key_count[4]                       ; CLK          ; CLK         ; 0.000        ; 0.575      ; 1.549      ;
; 0.763 ; commutator:u_commutator|seven_seg_disp:display|cnt[13]  ; commutator:u_commutator|seven_seg_disp:display|cnt[13]     ; CLK          ; CLK         ; 0.000        ; 0.081      ; 1.056      ;
; 0.763 ; commutator:u_commutator|key_count[0]                    ; commutator:u_commutator|key_count[0]                       ; CLK          ; CLK         ; 0.000        ; 0.081      ; 1.056      ;
; 0.763 ; commutator:u_commutator|key_count[12]                   ; commutator:u_commutator|key_count[16]                      ; CLK          ; CLK         ; 0.000        ; 0.575      ; 1.550      ;
; 0.763 ; commutator:u_commutator|seven_seg_disp:display|cnt[13]  ; commutator:u_commutator|seven_seg_disp:display|cnt[16]     ; CLK          ; CLK         ; 0.000        ; 0.575      ; 1.550      ;
; 0.764 ; commutator:u_commutator|seven_seg_disp:display|cnt[10]  ; commutator:u_commutator|seven_seg_disp:display|cnt[10]     ; CLK          ; CLK         ; 0.000        ; 0.081      ; 1.057      ;
; 0.765 ; address_bits[0]                                         ; commutator:u_commutator|dst_reg[0]                         ; CLK          ; CLK         ; 0.000        ; 0.082      ; 1.059      ;
; 0.766 ; commutator:u_commutator|key_count[14]                   ; commutator:u_commutator|key_count[14]                      ; CLK          ; CLK         ; 0.000        ; 0.081      ; 1.059      ;
; 0.770 ; commutator:u_commutator|key_previous                    ; commutator:u_commutator|state[0]                           ; CLK          ; CLK         ; 0.000        ; 0.082      ; 1.064      ;
; 0.784 ; commutator:u_commutator|key_previous                    ; commutator:u_commutator|state[1]                           ; CLK          ; CLK         ; 0.000        ; 0.082      ; 1.078      ;
; 0.786 ; commutator:u_commutator|state[0]                        ; commutator:u_commutator|state[1]                           ; CLK          ; CLK         ; 0.000        ; 0.082      ; 1.080      ;
; 0.815 ; commutator:u_commutator|state[1]                        ; commutator:u_commutator|state[0]                           ; CLK          ; CLK         ; 0.000        ; 0.082      ; 1.109      ;
; 0.817 ; commutator:u_commutator|key_sync                        ; commutator:u_commutator|key_stable                         ; CLK          ; CLK         ; 0.000        ; 0.082      ; 1.111      ;
; 0.823 ; commutator:u_commutator|key_count[7]                    ; commutator:u_commutator|key_count[8]                       ; CLK          ; CLK         ; 0.000        ; 0.575      ; 1.610      ;
; 0.842 ; commutator:u_commutator|key_count[6]                    ; commutator:u_commutator|key_count[8]                       ; CLK          ; CLK         ; 0.000        ; 0.575      ; 1.629      ;
; 0.886 ; commutator:u_commutator|key_count[3]                    ; commutator:u_commutator|key_count[8]                       ; CLK          ; CLK         ; 0.000        ; 0.575      ; 1.673      ;
; 0.903 ; commutator:u_commutator|key_count[2]                    ; commutator:u_commutator|key_count[8]                       ; CLK          ; CLK         ; 0.000        ; 0.575      ; 1.690      ;
; 0.910 ; commutator:u_commutator|key_count[7]                    ; commutator:u_commutator|key_count[9]                       ; CLK          ; CLK         ; 0.000        ; 0.575      ; 1.697      ;
; 0.911 ; commutator:u_commutator|seven_seg_disp:display|cnt[10]  ; commutator:u_commutator|seven_seg_disp:display|cnt[15]     ; CLK          ; CLK         ; 0.000        ; 0.575      ; 1.698      ;
; 0.920 ; commutator:u_commutator|seven_seg_disp:display|cnt[10]  ; commutator:u_commutator|seven_seg_disp:display|cnt[16]     ; CLK          ; CLK         ; 0.000        ; 0.575      ; 1.707      ;
; 0.946 ; commutator:u_commutator|key_count[4]                    ; commutator:u_commutator|key_count[4]                       ; CLK          ; CLK         ; 0.000        ; 0.101      ; 1.259      ;
; 0.950 ; commutator:u_commutator|key_count[19]                   ; commutator:u_commutator|key_count[19]                      ; CLK          ; CLK         ; 0.000        ; 0.081      ; 1.243      ;
; 0.952 ; commutator:u_commutator|key_count[13]                   ; commutator:u_commutator|key_count[13]                      ; CLK          ; CLK         ; 0.000        ; 0.081      ; 1.245      ;
; 0.952 ; commutator:u_commutator|key_count[13]                   ; commutator:u_commutator|key_count[16]                      ; CLK          ; CLK         ; 0.000        ; 0.575      ; 1.739      ;
; 0.953 ; commutator:u_commutator|key_count[11]                   ; commutator:u_commutator|key_count[11]                      ; CLK          ; CLK         ; 0.000        ; 0.081      ; 1.246      ;
; 0.955 ; commutator:u_commutator|key_count[6]                    ; commutator:u_commutator|key_count[9]                       ; CLK          ; CLK         ; 0.000        ; 0.575      ; 1.742      ;
; 0.956 ; commutator:u_commutator|key_count[5]                    ; commutator:u_commutator|key_count[5]                       ; CLK          ; CLK         ; 0.000        ; 0.081      ; 1.249      ;
; 0.956 ; commutator:u_commutator|key_count[5]                    ; commutator:u_commutator|key_count[8]                       ; CLK          ; CLK         ; 0.000        ; 0.575      ; 1.743      ;
; 0.963 ; commutator:u_commutator|key_count[7]                    ; commutator:u_commutator|key_count[7]                       ; CLK          ; CLK         ; 0.000        ; 0.081      ; 1.256      ;
; 0.963 ; commutator:u_commutator|key_count[7]                    ; commutator:u_commutator|key_count[10]                      ; CLK          ; CLK         ; 0.000        ; 0.575      ; 1.750      ;
; 0.966 ; commutator:u_commutator|key_count[6]                    ; commutator:u_commutator|key_count[6]                       ; CLK          ; CLK         ; 0.000        ; 0.081      ; 1.259      ;
; 0.982 ; commutator:u_commutator|key_count[6]                    ; commutator:u_commutator|key_count[10]                      ; CLK          ; CLK         ; 0.000        ; 0.575      ; 1.769      ;
; 1.000 ; commutator:u_commutator|dst_reg[0]                      ; commutator:u_commutator|seven_seg_disp:display|r_number[0] ; CLK          ; CLK         ; 0.000        ; 0.073      ; 1.285      ;
; 1.017 ; commutator:u_commutator|key_count[3]                    ; commutator:u_commutator|key_count[9]                       ; CLK          ; CLK         ; 0.000        ; 0.575      ; 1.804      ;
; 1.026 ; commutator:u_commutator|key_count[1]                    ; commutator:u_commutator|key_count[8]                       ; CLK          ; CLK         ; 0.000        ; 0.575      ; 1.813      ;
; 1.026 ; commutator:u_commutator|key_count[3]                    ; commutator:u_commutator|key_count[10]                      ; CLK          ; CLK         ; 0.000        ; 0.575      ; 1.813      ;
; 1.034 ; commutator:u_commutator|key_count[2]                    ; commutator:u_commutator|key_count[9]                       ; CLK          ; CLK         ; 0.000        ; 0.575      ; 1.821      ;
; 1.040 ; commutator:u_commutator|seven_seg_disp:display|cnt[10]  ; commutator:u_commutator|seven_seg_disp:display|cnt[12]     ; CLK          ; CLK         ; 0.000        ; 0.575      ; 1.827      ;
; 1.042 ; commutator:u_commutator|key_count[0]                    ; commutator:u_commutator|key_count[8]                       ; CLK          ; CLK         ; 0.000        ; 0.575      ; 1.829      ;
; 1.043 ; commutator:u_commutator|key_count[2]                    ; commutator:u_commutator|key_count[10]                      ; CLK          ; CLK         ; 0.000        ; 0.575      ; 1.830      ;
; 1.051 ; commutator:u_commutator|key_count[5]                    ; commutator:u_commutator|key_count[9]                       ; CLK          ; CLK         ; 0.000        ; 0.575      ; 1.838      ;
; 1.078 ; commutator:u_commutator|dst_reg[1]                      ; commutator:u_commutator|seven_seg_disp:display|r_number[1] ; CLK          ; CLK         ; 0.000        ; 0.073      ; 1.363      ;
; 1.093 ; commutator:u_commutator|key_count[11]                   ; commutator:u_commutator|key_count[16]                      ; CLK          ; CLK         ; 0.000        ; 0.575      ; 1.880      ;
; 1.095 ; commutator:u_commutator|key_count[9]                    ; commutator:u_commutator|key_count[10]                      ; CLK          ; CLK         ; 0.000        ; 0.101      ; 1.408      ;
; 1.096 ; commutator:u_commutator|seven_seg_disp:display|cnt[5]   ; commutator:u_commutator|seven_seg_disp:display|cnt[6]      ; CLK          ; CLK         ; 0.000        ; 0.101      ; 1.409      ;
; 1.096 ; commutator:u_commutator|seven_seg_disp:display|cnt[4]   ; commutator:u_commutator|seven_seg_disp:display|cnt[5]      ; CLK          ; CLK         ; 0.000        ; 0.101      ; 1.409      ;
; 1.096 ; commutator:u_commutator|key_count[5]                    ; commutator:u_commutator|key_count[10]                      ; CLK          ; CLK         ; 0.000        ; 0.575      ; 1.883      ;
; 1.097 ; commutator:u_commutator|seven_seg_disp:display|cnt[15]  ; commutator:u_commutator|seven_seg_disp:display|cnt[16]     ; CLK          ; CLK         ; 0.000        ; 0.101      ; 1.410      ;
; 1.100 ; commutator:u_commutator|key_count[15]                   ; commutator:u_commutator|key_count[16]                      ; CLK          ; CLK         ; 0.000        ; 0.575      ; 1.887      ;
; 1.100 ; commutator:u_commutator|key_count[1]                    ; commutator:u_commutator|key_count[2]                       ; CLK          ; CLK         ; 0.000        ; 0.081      ; 1.393      ;
; 1.101 ; address_bits[2]                                         ; commutator:u_commutator|seven_seg_disp:display|r_number[2] ; CLK          ; CLK         ; 0.000        ; 0.073      ; 1.386      ;
; 1.101 ; commutator:u_commutator|key_count[17]                   ; commutator:u_commutator|key_count[18]                      ; CLK          ; CLK         ; 0.000        ; 0.081      ; 1.394      ;
; 1.105 ; commutator:u_commutator|seven_seg_disp:display|cnt[1]   ; commutator:u_commutator|seven_seg_disp:display|cnt[2]      ; CLK          ; CLK         ; 0.000        ; 0.101      ; 1.418      ;
; 1.105 ; commutator:u_commutator|key_count[8]                    ; commutator:u_commutator|key_count[9]                       ; CLK          ; CLK         ; 0.000        ; 0.101      ; 1.418      ;
; 1.105 ; commutator:u_commutator|seven_seg_disp:display|cnt[4]   ; commutator:u_commutator|seven_seg_disp:display|cnt[6]      ; CLK          ; CLK         ; 0.000        ; 0.101      ; 1.418      ;
; 1.107 ; commutator:u_commutator|key_count[0]                    ; commutator:u_commutator|key_count[1]                       ; CLK          ; CLK         ; 0.000        ; 0.081      ; 1.400      ;
; 1.108 ; commutator:u_commutator|key_count[2]                    ; commutator:u_commutator|key_count[3]                       ; CLK          ; CLK         ; 0.000        ; 0.081      ; 1.401      ;
; 1.108 ; commutator:u_commutator|key_count[12]                   ; commutator:u_commutator|key_count[13]                      ; CLK          ; CLK         ; 0.000        ; 0.081      ; 1.401      ;
; 1.110 ; commutator:u_commutator|key_count[18]                   ; commutator:u_commutator|key_count[19]                      ; CLK          ; CLK         ; 0.000        ; 0.081      ; 1.403      ;
; 1.114 ; commutator:u_commutator|key_count[8]                    ; commutator:u_commutator|key_count[10]                      ; CLK          ; CLK         ; 0.000        ; 0.101      ; 1.427      ;
; 1.115 ; commutator:u_commutator|seven_seg_disp:display|cnt[0]   ; commutator:u_commutator|seven_seg_disp:display|cnt[2]      ; CLK          ; CLK         ; 0.000        ; 0.101      ; 1.428      ;
; 1.116 ; commutator:u_commutator|key_count[0]                    ; commutator:u_commutator|key_count[2]                       ; CLK          ; CLK         ; 0.000        ; 0.081      ; 1.409      ;
; 1.117 ; commutator:u_commutator|key_count[12]                   ; commutator:u_commutator|key_count[14]                      ; CLK          ; CLK         ; 0.000        ; 0.081      ; 1.410      ;
; 1.127 ; commutator:u_commutator|key_count[14]                   ; commutator:u_commutator|key_count[15]                      ; CLK          ; CLK         ; 0.000        ; 0.081      ; 1.420      ;
; 1.142 ; commutator:u_commutator|seven_seg_disp:display|cnt[17]  ; commutator:u_commutator|seven_seg_disp:display|cnt[17]     ; CLK          ; CLK         ; 0.000        ; 0.101      ; 1.455      ;
+-------+---------------------------------------------------------+------------------------------------------------------------+--------------+-------------+--------------+------------+------------+


+-----------------------------------------------------------------------------------------------------------------------------------------------------------+
; Slow 1200mV 85C Model Recovery: 'CLK'                                                                                                                     ;
+--------+---------------+------------------------------------------------------------+--------------+-------------+--------------+------------+------------+
; Slack  ; From Node     ; To Node                                                    ; Launch Clock ; Latch Clock ; Relationship ; Clock Skew ; Data Delay ;
+--------+---------------+------------------------------------------------------------+--------------+-------------+--------------+------------+------------+
; -0.922 ; reset_pipe[1] ; commutator:u_commutator|seven_seg_disp:display|r_number[0] ; CLK          ; CLK         ; 1.000        ; -0.082     ; 1.841      ;
; -0.922 ; reset_pipe[1] ; commutator:u_commutator|seven_seg_disp:display|r_number[1] ; CLK          ; CLK         ; 1.000        ; -0.082     ; 1.841      ;
; -0.922 ; reset_pipe[1] ; commutator:u_commutator|seven_seg_disp:display|r_number[2] ; CLK          ; CLK         ; 1.000        ; -0.082     ; 1.841      ;
; -0.922 ; reset_pipe[1] ; commutator:u_commutator|seven_seg_disp:display|r_number[9] ; CLK          ; CLK         ; 1.000        ; -0.082     ; 1.841      ;
; -0.922 ; reset_pipe[1] ; commutator:u_commutator|seven_seg_disp:display|r_number[8] ; CLK          ; CLK         ; 1.000        ; -0.082     ; 1.841      ;
; -0.846 ; reset_pipe[1] ; commutator:u_commutator|seven_seg_disp:display|cnt[0]      ; CLK          ; CLK         ; 1.000        ; 0.396      ; 2.243      ;
; -0.846 ; reset_pipe[1] ; commutator:u_commutator|seven_seg_disp:display|cnt[1]      ; CLK          ; CLK         ; 1.000        ; 0.396      ; 2.243      ;
; -0.846 ; reset_pipe[1] ; commutator:u_commutator|seven_seg_disp:display|cnt[3]      ; CLK          ; CLK         ; 1.000        ; 0.396      ; 2.243      ;
; -0.846 ; reset_pipe[1] ; commutator:u_commutator|seven_seg_disp:display|cnt[4]      ; CLK          ; CLK         ; 1.000        ; 0.396      ; 2.243      ;
; -0.846 ; reset_pipe[1] ; commutator:u_commutator|seven_seg_disp:display|cnt[7]      ; CLK          ; CLK         ; 1.000        ; 0.396      ; 2.243      ;
; -0.846 ; reset_pipe[1] ; commutator:u_commutator|seven_seg_disp:display|cnt[6]      ; CLK          ; CLK         ; 1.000        ; 0.396      ; 2.243      ;
; -0.846 ; reset_pipe[1] ; commutator:u_commutator|seven_seg_disp:display|cnt[5]      ; CLK          ; CLK         ; 1.000        ; 0.396      ; 2.243      ;
; -0.846 ; reset_pipe[1] ; commutator:u_commutator|seven_seg_disp:display|cnt[2]      ; CLK          ; CLK         ; 1.000        ; 0.396      ; 2.243      ;
; -0.653 ; reset_pipe[1] ; commutator:u_commutator|seven_seg_disp:display|cnt[13]     ; CLK          ; CLK         ; 1.000        ; -0.081     ; 1.573      ;
; -0.653 ; reset_pipe[1] ; commutator:u_commutator|seven_seg_disp:display|cnt[10]     ; CLK          ; CLK         ; 1.000        ; -0.081     ; 1.573      ;
; -0.490 ; reset_pipe[1] ; commutator:u_commutator|seven_seg_disp:display|index[1]    ; CLK          ; CLK         ; 1.000        ; 0.350      ; 1.841      ;
; -0.490 ; reset_pipe[1] ; commutator:u_commutator|seven_seg_disp:display|index[0]    ; CLK          ; CLK         ; 1.000        ; 0.350      ; 1.841      ;
; -0.490 ; reset_pipe[1] ; commutator:u_commutator|seven_seg_disp:display|cnt[8]      ; CLK          ; CLK         ; 1.000        ; 0.350      ; 1.841      ;
; -0.490 ; reset_pipe[1] ; commutator:u_commutator|seven_seg_disp:display|cnt[14]     ; CLK          ; CLK         ; 1.000        ; 0.350      ; 1.841      ;
; -0.179 ; reset_pipe[1] ; commutator:u_commutator|seven_seg_disp:display|cnt[9]      ; CLK          ; CLK         ; 1.000        ; 0.393      ; 1.573      ;
; -0.179 ; reset_pipe[1] ; commutator:u_commutator|seven_seg_disp:display|cnt[11]     ; CLK          ; CLK         ; 1.000        ; 0.393      ; 1.573      ;
; -0.179 ; reset_pipe[1] ; commutator:u_commutator|seven_seg_disp:display|cnt[12]     ; CLK          ; CLK         ; 1.000        ; 0.393      ; 1.573      ;
; -0.179 ; reset_pipe[1] ; commutator:u_commutator|seven_seg_disp:display|cnt[17]     ; CLK          ; CLK         ; 1.000        ; 0.393      ; 1.573      ;
; -0.179 ; reset_pipe[1] ; commutator:u_commutator|seven_seg_disp:display|cnt[18]     ; CLK          ; CLK         ; 1.000        ; 0.393      ; 1.573      ;
; -0.179 ; reset_pipe[1] ; commutator:u_commutator|seven_seg_disp:display|cnt[15]     ; CLK          ; CLK         ; 1.000        ; 0.393      ; 1.573      ;
; -0.179 ; reset_pipe[1] ; commutator:u_commutator|seven_seg_disp:display|cnt[16]     ; CLK          ; CLK         ; 1.000        ; 0.393      ; 1.573      ;
+--------+---------------+------------------------------------------------------------+--------------+-------------+--------------+------------+------------+


+----------------------------------------------------------------------------------------------------------------------------------------------------------+
; Slow 1200mV 85C Model Removal: 'CLK'                                                                                                                     ;
+-------+---------------+------------------------------------------------------------+--------------+-------------+--------------+------------+------------+
; Slack ; From Node     ; To Node                                                    ; Launch Clock ; Latch Clock ; Relationship ; Clock Skew ; Data Delay ;
+-------+---------------+------------------------------------------------------------+--------------+-------------+--------------+------------+------------+
; 0.649 ; reset_pipe[1] ; commutator:u_commutator|seven_seg_disp:display|cnt[9]      ; CLK          ; CLK         ; 0.000        ; 0.575      ; 1.436      ;
; 0.649 ; reset_pipe[1] ; commutator:u_commutator|seven_seg_disp:display|cnt[11]     ; CLK          ; CLK         ; 0.000        ; 0.575      ; 1.436      ;
; 0.649 ; reset_pipe[1] ; commutator:u_commutator|seven_seg_disp:display|cnt[12]     ; CLK          ; CLK         ; 0.000        ; 0.575      ; 1.436      ;
; 0.649 ; reset_pipe[1] ; commutator:u_commutator|seven_seg_disp:display|cnt[17]     ; CLK          ; CLK         ; 0.000        ; 0.575      ; 1.436      ;
; 0.649 ; reset_pipe[1] ; commutator:u_commutator|seven_seg_disp:display|cnt[18]     ; CLK          ; CLK         ; 0.000        ; 0.575      ; 1.436      ;
; 0.649 ; reset_pipe[1] ; commutator:u_commutator|seven_seg_disp:display|cnt[15]     ; CLK          ; CLK         ; 0.000        ; 0.575      ; 1.436      ;
; 0.649 ; reset_pipe[1] ; commutator:u_commutator|seven_seg_disp:display|cnt[16]     ; CLK          ; CLK         ; 0.000        ; 0.575      ; 1.436      ;
; 0.983 ; reset_pipe[1] ; commutator:u_commutator|seven_seg_disp:display|index[1]    ; CLK          ; CLK         ; 0.000        ; 0.530      ; 1.725      ;
; 0.983 ; reset_pipe[1] ; commutator:u_commutator|seven_seg_disp:display|index[0]    ; CLK          ; CLK         ; 0.000        ; 0.530      ; 1.725      ;
; 0.983 ; reset_pipe[1] ; commutator:u_commutator|seven_seg_disp:display|cnt[8]      ; CLK          ; CLK         ; 0.000        ; 0.530      ; 1.725      ;
; 0.983 ; reset_pipe[1] ; commutator:u_commutator|seven_seg_disp:display|cnt[14]     ; CLK          ; CLK         ; 0.000        ; 0.530      ; 1.725      ;
; 1.143 ; reset_pipe[1] ; commutator:u_commutator|seven_seg_disp:display|cnt[13]     ; CLK          ; CLK         ; 0.000        ; 0.081      ; 1.436      ;
; 1.143 ; reset_pipe[1] ; commutator:u_commutator|seven_seg_disp:display|cnt[10]     ; CLK          ; CLK         ; 0.000        ; 0.081      ; 1.436      ;
; 1.291 ; reset_pipe[1] ; commutator:u_commutator|seven_seg_disp:display|cnt[0]      ; CLK          ; CLK         ; 0.000        ; 0.578      ; 2.081      ;
; 1.291 ; reset_pipe[1] ; commutator:u_commutator|seven_seg_disp:display|cnt[1]      ; CLK          ; CLK         ; 0.000        ; 0.578      ; 2.081      ;
; 1.291 ; reset_pipe[1] ; commutator:u_commutator|seven_seg_disp:display|cnt[3]      ; CLK          ; CLK         ; 0.000        ; 0.578      ; 2.081      ;
; 1.291 ; reset_pipe[1] ; commutator:u_commutator|seven_seg_disp:display|cnt[4]      ; CLK          ; CLK         ; 0.000        ; 0.578      ; 2.081      ;
; 1.291 ; reset_pipe[1] ; commutator:u_commutator|seven_seg_disp:display|cnt[7]      ; CLK          ; CLK         ; 0.000        ; 0.578      ; 2.081      ;
; 1.291 ; reset_pipe[1] ; commutator:u_commutator|seven_seg_disp:display|cnt[6]      ; CLK          ; CLK         ; 0.000        ; 0.578      ; 2.081      ;
; 1.291 ; reset_pipe[1] ; commutator:u_commutator|seven_seg_disp:display|cnt[5]      ; CLK          ; CLK         ; 0.000        ; 0.578      ; 2.081      ;
; 1.291 ; reset_pipe[1] ; commutator:u_commutator|seven_seg_disp:display|cnt[2]      ; CLK          ; CLK         ; 0.000        ; 0.578      ; 2.081      ;
; 1.433 ; reset_pipe[1] ; commutator:u_commutator|seven_seg_disp:display|r_number[0] ; CLK          ; CLK         ; 0.000        ; 0.080      ; 1.725      ;
; 1.433 ; reset_pipe[1] ; commutator:u_commutator|seven_seg_disp:display|r_number[1] ; CLK          ; CLK         ; 0.000        ; 0.080      ; 1.725      ;
; 1.433 ; reset_pipe[1] ; commutator:u_commutator|seven_seg_disp:display|r_number[2] ; CLK          ; CLK         ; 0.000        ; 0.080      ; 1.725      ;
; 1.433 ; reset_pipe[1] ; commutator:u_commutator|seven_seg_disp:display|r_number[9] ; CLK          ; CLK         ; 0.000        ; 0.080      ; 1.725      ;
; 1.433 ; reset_pipe[1] ; commutator:u_commutator|seven_seg_disp:display|r_number[8] ; CLK          ; CLK         ; 0.000        ; 0.080      ; 1.725      ;
+-------+---------------+------------------------------------------------------------+--------------+-------------+--------------+------------+------------+


-----------------------------------------------
; Slow 1200mV 85C Model Metastability Summary ;
-----------------------------------------------
Design MTBF is not calculated because the design doesn't meet its timing requirements.



+--------------------------------------------------+
; Slow 1200mV 0C Model Fmax Summary                ;
+------------+-----------------+------------+------+
; Fmax       ; Restricted Fmax ; Clock Name ; Note ;
+------------+-----------------+------------+------+
; 222.57 MHz ; 222.57 MHz      ; CLK        ;      ;
+------------+-----------------+------------+------+
This panel reports FMAX for every clock in the design, regardless of the user-specified clock periods.  FMAX is only computed for paths where the source and destination registers or ports are driven by the same clock.  Paths of different clocks, including generated clocks, are ignored.  For paths between a clock and its inversion, FMAX is computed as if the rising and falling edges are scaled along with FMAX, such that the duty cycle (in terms of a percentage) is maintained. Altera recommends that you always use clock constraints and other slack reports for sign-off analysis.


+------------------------------------+
; Slow 1200mV 0C Model Setup Summary ;
+-------+--------+-------------------+
; Clock ; Slack  ; End Point TNS     ;
+-------+--------+-------------------+
; CLK   ; -3.493 ; -139.151          ;
+-------+--------+-------------------+


+-----------------------------------+
; Slow 1200mV 0C Model Hold Summary ;
+-------+-------+-------------------+
; Clock ; Slack ; End Point TNS     ;
+-------+-------+-------------------+
; CLK   ; 0.384 ; 0.000             ;
+-------+-------+-------------------+


+---------------------------------------+
; Slow 1200mV 0C Model Recovery Summary ;
+-------+--------+----------------------+
; Clock ; Slack  ; End Point TNS        ;
+-------+--------+----------------------+
; CLK   ; -0.783 ; -12.439              ;
+-------+--------+----------------------+


+--------------------------------------+
; Slow 1200mV 0C Model Removal Summary ;
+-------+-------+----------------------+
; Clock ; Slack ; End Point TNS        ;
+-------+-------+----------------------+
; CLK   ; 0.581 ; 0.000                ;
+-------+-------+----------------------+


+--------------------------------------------------+
; Slow 1200mV 0C Model Minimum Pulse Width Summary ;
+-------+--------+---------------------------------+
; Clock ; Slack  ; End Point TNS                   ;
+-------+--------+---------------------------------+
; CLK   ; -3.000 ; -96.681                         ;
+-------+--------+---------------------------------+


+--------------------------------------------------------------------------------------------------------------------------------------------------------------+
; Slow 1200mV 0C Model Setup: 'CLK'                                                                                                                            ;
+--------+---------------------------------------+---------------------------------------+--------------+-------------+--------------+------------+------------+
; Slack  ; From Node                             ; To Node                               ; Launch Clock ; Latch Clock ; Relationship ; Clock Skew ; Data Delay ;
+--------+---------------------------------------+---------------------------------------+--------------+-------------+--------------+------------+------------+
; -3.493 ; commutator:u_commutator|key_count[4]  ; commutator:u_commutator|key_count[0]  ; CLK          ; CLK         ; 1.000        ; -0.537     ; 3.958      ;
; -3.493 ; commutator:u_commutator|key_count[4]  ; commutator:u_commutator|key_count[1]  ; CLK          ; CLK         ; 1.000        ; -0.537     ; 3.958      ;
; -3.493 ; commutator:u_commutator|key_count[4]  ; commutator:u_commutator|key_count[2]  ; CLK          ; CLK         ; 1.000        ; -0.537     ; 3.958      ;
; -3.493 ; commutator:u_commutator|key_count[4]  ; commutator:u_commutator|key_count[3]  ; CLK          ; CLK         ; 1.000        ; -0.537     ; 3.958      ;
; -3.493 ; commutator:u_commutator|key_count[4]  ; commutator:u_commutator|key_count[5]  ; CLK          ; CLK         ; 1.000        ; -0.537     ; 3.958      ;
; -3.493 ; commutator:u_commutator|key_count[4]  ; commutator:u_commutator|key_count[6]  ; CLK          ; CLK         ; 1.000        ; -0.537     ; 3.958      ;
; -3.493 ; commutator:u_commutator|key_count[4]  ; commutator:u_commutator|key_count[7]  ; CLK          ; CLK         ; 1.000        ; -0.537     ; 3.958      ;
; -3.427 ; commutator:u_commutator|key_count[2]  ; commutator:u_commutator|key_count[0]  ; CLK          ; CLK         ; 1.000        ; -0.073     ; 4.356      ;
; -3.427 ; commutator:u_commutator|key_count[2]  ; commutator:u_commutator|key_count[1]  ; CLK          ; CLK         ; 1.000        ; -0.073     ; 4.356      ;
; -3.427 ; commutator:u_commutator|key_count[2]  ; commutator:u_commutator|key_count[2]  ; CLK          ; CLK         ; 1.000        ; -0.073     ; 4.356      ;
; -3.427 ; commutator:u_commutator|key_count[2]  ; commutator:u_commutator|key_count[3]  ; CLK          ; CLK         ; 1.000        ; -0.073     ; 4.356      ;
; -3.427 ; commutator:u_commutator|key_count[2]  ; commutator:u_commutator|key_count[5]  ; CLK          ; CLK         ; 1.000        ; -0.073     ; 4.356      ;
; -3.427 ; commutator:u_commutator|key_count[2]  ; commutator:u_commutator|key_count[6]  ; CLK          ; CLK         ; 1.000        ; -0.073     ; 4.356      ;
; -3.427 ; commutator:u_commutator|key_count[2]  ; commutator:u_commutator|key_count[7]  ; CLK          ; CLK         ; 1.000        ; -0.073     ; 4.356      ;
; -3.425 ; commutator:u_commutator|key_count[0]  ; commutator:u_commutator|key_count[0]  ; CLK          ; CLK         ; 1.000        ; -0.073     ; 4.354      ;
; -3.425 ; commutator:u_commutator|key_count[0]  ; commutator:u_commutator|key_count[1]  ; CLK          ; CLK         ; 1.000        ; -0.073     ; 4.354      ;
; -3.425 ; commutator:u_commutator|key_count[0]  ; commutator:u_commutator|key_count[2]  ; CLK          ; CLK         ; 1.000        ; -0.073     ; 4.354      ;
; -3.425 ; commutator:u_commutator|key_count[0]  ; commutator:u_commutator|key_count[3]  ; CLK          ; CLK         ; 1.000        ; -0.073     ; 4.354      ;
; -3.425 ; commutator:u_commutator|key_count[0]  ; commutator:u_commutator|key_count[5]  ; CLK          ; CLK         ; 1.000        ; -0.073     ; 4.354      ;
; -3.425 ; commutator:u_commutator|key_count[0]  ; commutator:u_commutator|key_count[6]  ; CLK          ; CLK         ; 1.000        ; -0.073     ; 4.354      ;
; -3.425 ; commutator:u_commutator|key_count[0]  ; commutator:u_commutator|key_count[7]  ; CLK          ; CLK         ; 1.000        ; -0.073     ; 4.354      ;
; -3.365 ; commutator:u_commutator|key_count[8]  ; commutator:u_commutator|key_count[0]  ; CLK          ; CLK         ; 1.000        ; -0.537     ; 3.830      ;
; -3.365 ; commutator:u_commutator|key_count[8]  ; commutator:u_commutator|key_count[1]  ; CLK          ; CLK         ; 1.000        ; -0.537     ; 3.830      ;
; -3.365 ; commutator:u_commutator|key_count[8]  ; commutator:u_commutator|key_count[2]  ; CLK          ; CLK         ; 1.000        ; -0.537     ; 3.830      ;
; -3.365 ; commutator:u_commutator|key_count[8]  ; commutator:u_commutator|key_count[3]  ; CLK          ; CLK         ; 1.000        ; -0.537     ; 3.830      ;
; -3.365 ; commutator:u_commutator|key_count[8]  ; commutator:u_commutator|key_count[5]  ; CLK          ; CLK         ; 1.000        ; -0.537     ; 3.830      ;
; -3.365 ; commutator:u_commutator|key_count[8]  ; commutator:u_commutator|key_count[6]  ; CLK          ; CLK         ; 1.000        ; -0.537     ; 3.830      ;
; -3.365 ; commutator:u_commutator|key_count[8]  ; commutator:u_commutator|key_count[7]  ; CLK          ; CLK         ; 1.000        ; -0.537     ; 3.830      ;
; -3.325 ; commutator:u_commutator|key_count[9]  ; commutator:u_commutator|key_count[0]  ; CLK          ; CLK         ; 1.000        ; -0.537     ; 3.790      ;
; -3.325 ; commutator:u_commutator|key_count[9]  ; commutator:u_commutator|key_count[1]  ; CLK          ; CLK         ; 1.000        ; -0.537     ; 3.790      ;
; -3.325 ; commutator:u_commutator|key_count[9]  ; commutator:u_commutator|key_count[2]  ; CLK          ; CLK         ; 1.000        ; -0.537     ; 3.790      ;
; -3.325 ; commutator:u_commutator|key_count[9]  ; commutator:u_commutator|key_count[3]  ; CLK          ; CLK         ; 1.000        ; -0.537     ; 3.790      ;
; -3.325 ; commutator:u_commutator|key_count[9]  ; commutator:u_commutator|key_count[5]  ; CLK          ; CLK         ; 1.000        ; -0.537     ; 3.790      ;
; -3.325 ; commutator:u_commutator|key_count[9]  ; commutator:u_commutator|key_count[6]  ; CLK          ; CLK         ; 1.000        ; -0.537     ; 3.790      ;
; -3.325 ; commutator:u_commutator|key_count[9]  ; commutator:u_commutator|key_count[7]  ; CLK          ; CLK         ; 1.000        ; -0.537     ; 3.790      ;
; -3.277 ; commutator:u_commutator|key_count[1]  ; commutator:u_commutator|key_count[0]  ; CLK          ; CLK         ; 1.000        ; -0.073     ; 4.206      ;
; -3.277 ; commutator:u_commutator|key_count[1]  ; commutator:u_commutator|key_count[1]  ; CLK          ; CLK         ; 1.000        ; -0.073     ; 4.206      ;
; -3.277 ; commutator:u_commutator|key_count[1]  ; commutator:u_commutator|key_count[2]  ; CLK          ; CLK         ; 1.000        ; -0.073     ; 4.206      ;
; -3.277 ; commutator:u_commutator|key_count[1]  ; commutator:u_commutator|key_count[3]  ; CLK          ; CLK         ; 1.000        ; -0.073     ; 4.206      ;
; -3.277 ; commutator:u_commutator|key_count[1]  ; commutator:u_commutator|key_count[5]  ; CLK          ; CLK         ; 1.000        ; -0.073     ; 4.206      ;
; -3.277 ; commutator:u_commutator|key_count[1]  ; commutator:u_commutator|key_count[6]  ; CLK          ; CLK         ; 1.000        ; -0.073     ; 4.206      ;
; -3.277 ; commutator:u_commutator|key_count[1]  ; commutator:u_commutator|key_count[7]  ; CLK          ; CLK         ; 1.000        ; -0.073     ; 4.206      ;
; -3.244 ; commutator:u_commutator|key_count[6]  ; commutator:u_commutator|key_count[0]  ; CLK          ; CLK         ; 1.000        ; -0.073     ; 4.173      ;
; -3.244 ; commutator:u_commutator|key_count[6]  ; commutator:u_commutator|key_count[1]  ; CLK          ; CLK         ; 1.000        ; -0.073     ; 4.173      ;
; -3.244 ; commutator:u_commutator|key_count[6]  ; commutator:u_commutator|key_count[2]  ; CLK          ; CLK         ; 1.000        ; -0.073     ; 4.173      ;
; -3.244 ; commutator:u_commutator|key_count[6]  ; commutator:u_commutator|key_count[3]  ; CLK          ; CLK         ; 1.000        ; -0.073     ; 4.173      ;
; -3.244 ; commutator:u_commutator|key_count[6]  ; commutator:u_commutator|key_count[5]  ; CLK          ; CLK         ; 1.000        ; -0.073     ; 4.173      ;
; -3.244 ; commutator:u_commutator|key_count[6]  ; commutator:u_commutator|key_count[6]  ; CLK          ; CLK         ; 1.000        ; -0.073     ; 4.173      ;
; -3.244 ; commutator:u_commutator|key_count[6]  ; commutator:u_commutator|key_count[7]  ; CLK          ; CLK         ; 1.000        ; -0.073     ; 4.173      ;
; -3.243 ; commutator:u_commutator|key_count[7]  ; commutator:u_commutator|key_count[0]  ; CLK          ; CLK         ; 1.000        ; -0.073     ; 4.172      ;
; -3.243 ; commutator:u_commutator|key_count[7]  ; commutator:u_commutator|key_count[1]  ; CLK          ; CLK         ; 1.000        ; -0.073     ; 4.172      ;
; -3.243 ; commutator:u_commutator|key_count[7]  ; commutator:u_commutator|key_count[2]  ; CLK          ; CLK         ; 1.000        ; -0.073     ; 4.172      ;
; -3.243 ; commutator:u_commutator|key_count[7]  ; commutator:u_commutator|key_count[3]  ; CLK          ; CLK         ; 1.000        ; -0.073     ; 4.172      ;
; -3.243 ; commutator:u_commutator|key_count[7]  ; commutator:u_commutator|key_count[5]  ; CLK          ; CLK         ; 1.000        ; -0.073     ; 4.172      ;
; -3.243 ; commutator:u_commutator|key_count[7]  ; commutator:u_commutator|key_count[6]  ; CLK          ; CLK         ; 1.000        ; -0.073     ; 4.172      ;
; -3.243 ; commutator:u_commutator|key_count[7]  ; commutator:u_commutator|key_count[7]  ; CLK          ; CLK         ; 1.000        ; -0.073     ; 4.172      ;
; -3.154 ; commutator:u_commutator|key_count[3]  ; commutator:u_commutator|key_count[0]  ; CLK          ; CLK         ; 1.000        ; -0.073     ; 4.083      ;
; -3.154 ; commutator:u_commutator|key_count[3]  ; commutator:u_commutator|key_count[1]  ; CLK          ; CLK         ; 1.000        ; -0.073     ; 4.083      ;
; -3.154 ; commutator:u_commutator|key_count[3]  ; commutator:u_commutator|key_count[2]  ; CLK          ; CLK         ; 1.000        ; -0.073     ; 4.083      ;
; -3.154 ; commutator:u_commutator|key_count[3]  ; commutator:u_commutator|key_count[3]  ; CLK          ; CLK         ; 1.000        ; -0.073     ; 4.083      ;
; -3.154 ; commutator:u_commutator|key_count[3]  ; commutator:u_commutator|key_count[5]  ; CLK          ; CLK         ; 1.000        ; -0.073     ; 4.083      ;
; -3.154 ; commutator:u_commutator|key_count[3]  ; commutator:u_commutator|key_count[6]  ; CLK          ; CLK         ; 1.000        ; -0.073     ; 4.083      ;
; -3.154 ; commutator:u_commutator|key_count[3]  ; commutator:u_commutator|key_count[7]  ; CLK          ; CLK         ; 1.000        ; -0.073     ; 4.083      ;
; -3.153 ; commutator:u_commutator|key_count[5]  ; commutator:u_commutator|key_count[0]  ; CLK          ; CLK         ; 1.000        ; -0.073     ; 4.082      ;
; -3.153 ; commutator:u_commutator|key_count[5]  ; commutator:u_commutator|key_count[1]  ; CLK          ; CLK         ; 1.000        ; -0.073     ; 4.082      ;
; -3.153 ; commutator:u_commutator|key_count[5]  ; commutator:u_commutator|key_count[2]  ; CLK          ; CLK         ; 1.000        ; -0.073     ; 4.082      ;
; -3.153 ; commutator:u_commutator|key_count[5]  ; commutator:u_commutator|key_count[3]  ; CLK          ; CLK         ; 1.000        ; -0.073     ; 4.082      ;
; -3.153 ; commutator:u_commutator|key_count[5]  ; commutator:u_commutator|key_count[5]  ; CLK          ; CLK         ; 1.000        ; -0.073     ; 4.082      ;
; -3.153 ; commutator:u_commutator|key_count[5]  ; commutator:u_commutator|key_count[6]  ; CLK          ; CLK         ; 1.000        ; -0.073     ; 4.082      ;
; -3.153 ; commutator:u_commutator|key_count[5]  ; commutator:u_commutator|key_count[7]  ; CLK          ; CLK         ; 1.000        ; -0.073     ; 4.082      ;
; -3.095 ; commutator:u_commutator|key_count[14] ; commutator:u_commutator|key_count[0]  ; CLK          ; CLK         ; 1.000        ; -0.073     ; 4.024      ;
; -3.095 ; commutator:u_commutator|key_count[14] ; commutator:u_commutator|key_count[1]  ; CLK          ; CLK         ; 1.000        ; -0.073     ; 4.024      ;
; -3.095 ; commutator:u_commutator|key_count[14] ; commutator:u_commutator|key_count[2]  ; CLK          ; CLK         ; 1.000        ; -0.073     ; 4.024      ;
; -3.095 ; commutator:u_commutator|key_count[14] ; commutator:u_commutator|key_count[3]  ; CLK          ; CLK         ; 1.000        ; -0.073     ; 4.024      ;
; -3.095 ; commutator:u_commutator|key_count[14] ; commutator:u_commutator|key_count[5]  ; CLK          ; CLK         ; 1.000        ; -0.073     ; 4.024      ;
; -3.095 ; commutator:u_commutator|key_count[14] ; commutator:u_commutator|key_count[6]  ; CLK          ; CLK         ; 1.000        ; -0.073     ; 4.024      ;
; -3.095 ; commutator:u_commutator|key_count[14] ; commutator:u_commutator|key_count[7]  ; CLK          ; CLK         ; 1.000        ; -0.073     ; 4.024      ;
; -3.067 ; commutator:u_commutator|key_count[4]  ; commutator:u_commutator|key_count[11] ; CLK          ; CLK         ; 1.000        ; -0.537     ; 3.532      ;
; -3.067 ; commutator:u_commutator|key_count[4]  ; commutator:u_commutator|key_count[12] ; CLK          ; CLK         ; 1.000        ; -0.537     ; 3.532      ;
; -3.067 ; commutator:u_commutator|key_count[4]  ; commutator:u_commutator|key_count[13] ; CLK          ; CLK         ; 1.000        ; -0.537     ; 3.532      ;
; -3.067 ; commutator:u_commutator|key_count[4]  ; commutator:u_commutator|key_count[14] ; CLK          ; CLK         ; 1.000        ; -0.537     ; 3.532      ;
; -3.067 ; commutator:u_commutator|key_count[4]  ; commutator:u_commutator|key_count[15] ; CLK          ; CLK         ; 1.000        ; -0.537     ; 3.532      ;
; -3.067 ; commutator:u_commutator|key_count[4]  ; commutator:u_commutator|key_count[17] ; CLK          ; CLK         ; 1.000        ; -0.537     ; 3.532      ;
; -3.067 ; commutator:u_commutator|key_count[4]  ; commutator:u_commutator|key_count[18] ; CLK          ; CLK         ; 1.000        ; -0.537     ; 3.532      ;
; -3.067 ; commutator:u_commutator|key_count[4]  ; commutator:u_commutator|key_count[19] ; CLK          ; CLK         ; 1.000        ; -0.537     ; 3.532      ;
; -3.047 ; commutator:u_commutator|key_count[4]  ; commutator:u_commutator|key_count[4]  ; CLK          ; CLK         ; 1.000        ; -0.091     ; 3.958      ;
; -3.047 ; commutator:u_commutator|key_count[4]  ; commutator:u_commutator|key_count[8]  ; CLK          ; CLK         ; 1.000        ; -0.091     ; 3.958      ;
; -3.047 ; commutator:u_commutator|key_count[4]  ; commutator:u_commutator|key_count[9]  ; CLK          ; CLK         ; 1.000        ; -0.091     ; 3.958      ;
; -3.037 ; commutator:u_commutator|key_count[13] ; commutator:u_commutator|key_count[0]  ; CLK          ; CLK         ; 1.000        ; -0.073     ; 3.966      ;
; -3.037 ; commutator:u_commutator|key_count[13] ; commutator:u_commutator|key_count[1]  ; CLK          ; CLK         ; 1.000        ; -0.073     ; 3.966      ;
; -3.037 ; commutator:u_commutator|key_count[13] ; commutator:u_commutator|key_count[2]  ; CLK          ; CLK         ; 1.000        ; -0.073     ; 3.966      ;
; -3.037 ; commutator:u_commutator|key_count[13] ; commutator:u_commutator|key_count[3]  ; CLK          ; CLK         ; 1.000        ; -0.073     ; 3.966      ;
; -3.037 ; commutator:u_commutator|key_count[13] ; commutator:u_commutator|key_count[5]  ; CLK          ; CLK         ; 1.000        ; -0.073     ; 3.966      ;
; -3.037 ; commutator:u_commutator|key_count[13] ; commutator:u_commutator|key_count[6]  ; CLK          ; CLK         ; 1.000        ; -0.073     ; 3.966      ;
; -3.037 ; commutator:u_commutator|key_count[13] ; commutator:u_commutator|key_count[7]  ; CLK          ; CLK         ; 1.000        ; -0.073     ; 3.966      ;
; -3.019 ; commutator:u_commutator|key_count[15] ; commutator:u_commutator|key_count[0]  ; CLK          ; CLK         ; 1.000        ; -0.073     ; 3.948      ;
; -3.019 ; commutator:u_commutator|key_count[15] ; commutator:u_commutator|key_count[1]  ; CLK          ; CLK         ; 1.000        ; -0.073     ; 3.948      ;
; -3.019 ; commutator:u_commutator|key_count[15] ; commutator:u_commutator|key_count[2]  ; CLK          ; CLK         ; 1.000        ; -0.073     ; 3.948      ;
; -3.019 ; commutator:u_commutator|key_count[15] ; commutator:u_commutator|key_count[3]  ; CLK          ; CLK         ; 1.000        ; -0.073     ; 3.948      ;
; -3.019 ; commutator:u_commutator|key_count[15] ; commutator:u_commutator|key_count[5]  ; CLK          ; CLK         ; 1.000        ; -0.073     ; 3.948      ;
+--------+---------------------------------------+---------------------------------------+--------------+-------------+--------------+------------+------------+


+----------------------------------------------------------------------------------------------------------------------------------------------------------------------------------------------------+
; Slow 1200mV 0C Model Hold: 'CLK'                                                                                                                                                                   ;
+-------+---------------------------------------------------------+------------------------------------------------------------+--------------+-------------+--------------+------------+------------+
; Slack ; From Node                                               ; To Node                                                    ; Launch Clock ; Latch Clock ; Relationship ; Clock Skew ; Data Delay ;
+-------+---------------------------------------------------------+------------------------------------------------------------+--------------+-------------+--------------+------------+------------+
; 0.384 ; commutator:u_commutator|seven_seg_disp:display|index[1] ; commutator:u_commutator|seven_seg_disp:display|index[1]    ; CLK          ; CLK         ; 0.000        ; 0.090      ; 0.669      ;
; 0.384 ; commutator:u_commutator|seven_seg_disp:display|index[0] ; commutator:u_commutator|seven_seg_disp:display|index[0]    ; CLK          ; CLK         ; 0.000        ; 0.090      ; 0.669      ;
; 0.401 ; commutator:u_commutator|state[0]                        ; commutator:u_commutator|state[0]                           ; CLK          ; CLK         ; 0.000        ; 0.073      ; 0.669      ;
; 0.401 ; commutator:u_commutator|state[1]                        ; commutator:u_commutator|state[1]                           ; CLK          ; CLK         ; 0.000        ; 0.073      ; 0.669      ;
; 0.401 ; commutator:u_commutator|key_stable                      ; commutator:u_commutator|key_stable                         ; CLK          ; CLK         ; 0.000        ; 0.073      ; 0.669      ;
; 0.470 ; address_meta[1]                                         ; address_bits[1]                                            ; CLK          ; CLK         ; 0.000        ; 0.073      ; 0.738      ;
; 0.471 ; address_meta[2]                                         ; address_bits[2]                                            ; CLK          ; CLK         ; 0.000        ; 0.073      ; 0.739      ;
; 0.471 ; address_meta[0]                                         ; address_bits[0]                                            ; CLK          ; CLK         ; 0.000        ; 0.073      ; 0.739      ;
; 0.485 ; commutator:u_commutator|key_stable                      ; commutator:u_commutator|state[0]                           ; CLK          ; CLK         ; 0.000        ; 0.073      ; 0.753      ;
; 0.492 ; address_bits[1]                                         ; commutator:u_commutator|dst_reg[1]                         ; CLK          ; CLK         ; 0.000        ; 0.073      ; 0.760      ;
; 0.494 ; address_bits[2]                                         ; commutator:u_commutator|dst_reg[2]                         ; CLK          ; CLK         ; 0.000        ; 0.073      ; 0.762      ;
; 0.504 ; commutator:u_commutator|key_stable                      ; commutator:u_commutator|key_previous                       ; CLK          ; CLK         ; 0.000        ; 0.073      ; 0.772      ;
; 0.504 ; commutator:u_commutator|key_stable                      ; commutator:u_commutator|state[1]                           ; CLK          ; CLK         ; 0.000        ; 0.073      ; 0.772      ;
; 0.553 ; commutator:u_commutator|key_count[3]                    ; commutator:u_commutator|key_count[4]                       ; CLK          ; CLK         ; 0.000        ; 0.537      ; 1.285      ;
; 0.568 ; commutator:u_commutator|key_count[2]                    ; commutator:u_commutator|key_count[4]                       ; CLK          ; CLK         ; 0.000        ; 0.537      ; 1.300      ;
; 0.581 ; commutator:u_commutator|key_count[14]                   ; commutator:u_commutator|key_count[16]                      ; CLK          ; CLK         ; 0.000        ; 0.537      ; 1.313      ;
; 0.632 ; commutator:u_commutator|key_meta                        ; commutator:u_commutator|key_sync                           ; CLK          ; CLK         ; 0.000        ; 0.072      ; 0.899      ;
; 0.661 ; commutator:u_commutator|seven_seg_disp:display|cnt[13]  ; commutator:u_commutator|seven_seg_disp:display|cnt[15]     ; CLK          ; CLK         ; 0.000        ; 0.538      ; 1.394      ;
; 0.676 ; commutator:u_commutator|key_count[1]                    ; commutator:u_commutator|key_count[4]                       ; CLK          ; CLK         ; 0.000        ; 0.537      ; 1.408      ;
; 0.676 ; commutator:u_commutator|key_count[16]                   ; commutator:u_commutator|key_count[16]                      ; CLK          ; CLK         ; 0.000        ; 0.091      ; 0.962      ;
; 0.677 ; commutator:u_commutator|key_count[10]                   ; commutator:u_commutator|key_count[10]                      ; CLK          ; CLK         ; 0.000        ; 0.091      ; 0.963      ;
; 0.686 ; commutator:u_commutator|key_count[9]                    ; commutator:u_commutator|key_count[9]                       ; CLK          ; CLK         ; 0.000        ; 0.091      ; 0.972      ;
; 0.686 ; commutator:u_commutator|seven_seg_disp:display|cnt[15]  ; commutator:u_commutator|seven_seg_disp:display|cnt[15]     ; CLK          ; CLK         ; 0.000        ; 0.092      ; 0.973      ;
; 0.686 ; commutator:u_commutator|key_count[0]                    ; commutator:u_commutator|key_count[4]                       ; CLK          ; CLK         ; 0.000        ; 0.537      ; 1.418      ;
; 0.687 ; commutator:u_commutator|seven_seg_disp:display|cnt[6]   ; commutator:u_commutator|seven_seg_disp:display|cnt[6]      ; CLK          ; CLK         ; 0.000        ; 0.092      ; 0.974      ;
; 0.688 ; commutator:u_commutator|seven_seg_disp:display|cnt[5]   ; commutator:u_commutator|seven_seg_disp:display|cnt[5]      ; CLK          ; CLK         ; 0.000        ; 0.092      ; 0.975      ;
; 0.688 ; commutator:u_commutator|key_count[12]                   ; commutator:u_commutator|key_count[16]                      ; CLK          ; CLK         ; 0.000        ; 0.537      ; 1.420      ;
; 0.689 ; commutator:u_commutator|seven_seg_disp:display|cnt[13]  ; commutator:u_commutator|seven_seg_disp:display|cnt[16]     ; CLK          ; CLK         ; 0.000        ; 0.538      ; 1.422      ;
; 0.691 ; commutator:u_commutator|seven_seg_disp:display|cnt[2]   ; commutator:u_commutator|seven_seg_disp:display|cnt[2]      ; CLK          ; CLK         ; 0.000        ; 0.092      ; 0.978      ;
; 0.692 ; commutator:u_commutator|key_count[8]                    ; commutator:u_commutator|key_count[8]                       ; CLK          ; CLK         ; 0.000        ; 0.091      ; 0.978      ;
; 0.692 ; commutator:u_commutator|seven_seg_disp:display|cnt[16]  ; commutator:u_commutator|seven_seg_disp:display|cnt[16]     ; CLK          ; CLK         ; 0.000        ; 0.092      ; 0.979      ;
; 0.693 ; commutator:u_commutator|key_count[3]                    ; commutator:u_commutator|key_count[3]                       ; CLK          ; CLK         ; 0.000        ; 0.073      ; 0.961      ;
; 0.694 ; commutator:u_commutator|key_count[1]                    ; commutator:u_commutator|key_count[1]                       ; CLK          ; CLK         ; 0.000        ; 0.073      ; 0.962      ;
; 0.696 ; commutator:u_commutator|key_count[12]                   ; commutator:u_commutator|key_count[12]                      ; CLK          ; CLK         ; 0.000        ; 0.073      ; 0.964      ;
; 0.696 ; commutator:u_commutator|key_count[17]                   ; commutator:u_commutator|key_count[17]                      ; CLK          ; CLK         ; 0.000        ; 0.073      ; 0.964      ;
; 0.696 ; commutator:u_commutator|seven_seg_disp:display|index[0] ; commutator:u_commutator|seven_seg_disp:display|index[1]    ; CLK          ; CLK         ; 0.000        ; 0.090      ; 0.981      ;
; 0.698 ; commutator:u_commutator|key_count[2]                    ; commutator:u_commutator|key_count[2]                       ; CLK          ; CLK         ; 0.000        ; 0.073      ; 0.966      ;
; 0.699 ; commutator:u_commutator|key_count[18]                   ; commutator:u_commutator|key_count[18]                      ; CLK          ; CLK         ; 0.000        ; 0.073      ; 0.967      ;
; 0.709 ; commutator:u_commutator|seven_seg_disp:display|cnt[13]  ; commutator:u_commutator|seven_seg_disp:display|cnt[13]     ; CLK          ; CLK         ; 0.000        ; 0.072      ; 0.976      ;
; 0.710 ; address_bits[0]                                         ; commutator:u_commutator|dst_reg[0]                         ; CLK          ; CLK         ; 0.000        ; 0.073      ; 0.978      ;
; 0.710 ; commutator:u_commutator|seven_seg_disp:display|cnt[10]  ; commutator:u_commutator|seven_seg_disp:display|cnt[10]     ; CLK          ; CLK         ; 0.000        ; 0.072      ; 0.977      ;
; 0.711 ; commutator:u_commutator|key_count[14]                   ; commutator:u_commutator|key_count[14]                      ; CLK          ; CLK         ; 0.000        ; 0.073      ; 0.979      ;
; 0.715 ; commutator:u_commutator|key_count[0]                    ; commutator:u_commutator|key_count[0]                       ; CLK          ; CLK         ; 0.000        ; 0.073      ; 0.983      ;
; 0.724 ; commutator:u_commutator|key_previous                    ; commutator:u_commutator|state[0]                           ; CLK          ; CLK         ; 0.000        ; 0.073      ; 0.992      ;
; 0.727 ; commutator:u_commutator|key_previous                    ; commutator:u_commutator|state[1]                           ; CLK          ; CLK         ; 0.000        ; 0.073      ; 0.995      ;
; 0.734 ; commutator:u_commutator|state[0]                        ; commutator:u_commutator|state[1]                           ; CLK          ; CLK         ; 0.000        ; 0.073      ; 1.002      ;
; 0.756 ; commutator:u_commutator|state[1]                        ; commutator:u_commutator|state[0]                           ; CLK          ; CLK         ; 0.000        ; 0.073      ; 1.024      ;
; 0.758 ; commutator:u_commutator|key_sync                        ; commutator:u_commutator|key_stable                         ; CLK          ; CLK         ; 0.000        ; 0.073      ; 1.026      ;
; 0.768 ; commutator:u_commutator|key_count[7]                    ; commutator:u_commutator|key_count[8]                       ; CLK          ; CLK         ; 0.000        ; 0.537      ; 1.500      ;
; 0.783 ; commutator:u_commutator|key_count[6]                    ; commutator:u_commutator|key_count[8]                       ; CLK          ; CLK         ; 0.000        ; 0.537      ; 1.515      ;
; 0.795 ; commutator:u_commutator|key_count[7]                    ; commutator:u_commutator|key_count[9]                       ; CLK          ; CLK         ; 0.000        ; 0.537      ; 1.527      ;
; 0.797 ; commutator:u_commutator|key_count[3]                    ; commutator:u_commutator|key_count[8]                       ; CLK          ; CLK         ; 0.000        ; 0.537      ; 1.529      ;
; 0.806 ; commutator:u_commutator|seven_seg_disp:display|cnt[10]  ; commutator:u_commutator|seven_seg_disp:display|cnt[15]     ; CLK          ; CLK         ; 0.000        ; 0.538      ; 1.539      ;
; 0.812 ; commutator:u_commutator|key_count[2]                    ; commutator:u_commutator|key_count[8]                       ; CLK          ; CLK         ; 0.000        ; 0.537      ; 1.544      ;
; 0.822 ; commutator:u_commutator|seven_seg_disp:display|cnt[10]  ; commutator:u_commutator|seven_seg_disp:display|cnt[16]     ; CLK          ; CLK         ; 0.000        ; 0.538      ; 1.555      ;
; 0.830 ; commutator:u_commutator|key_count[6]                    ; commutator:u_commutator|key_count[9]                       ; CLK          ; CLK         ; 0.000        ; 0.537      ; 1.562      ;
; 0.850 ; commutator:u_commutator|key_count[4]                    ; commutator:u_commutator|key_count[4]                       ; CLK          ; CLK         ; 0.000        ; 0.091      ; 1.136      ;
; 0.857 ; commutator:u_commutator|key_count[13]                   ; commutator:u_commutator|key_count[13]                      ; CLK          ; CLK         ; 0.000        ; 0.073      ; 1.125      ;
; 0.858 ; commutator:u_commutator|key_count[11]                   ; commutator:u_commutator|key_count[11]                      ; CLK          ; CLK         ; 0.000        ; 0.073      ; 1.126      ;
; 0.868 ; commutator:u_commutator|key_count[6]                    ; commutator:u_commutator|key_count[6]                       ; CLK          ; CLK         ; 0.000        ; 0.073      ; 1.136      ;
; 0.870 ; commutator:u_commutator|key_count[5]                    ; commutator:u_commutator|key_count[5]                       ; CLK          ; CLK         ; 0.000        ; 0.073      ; 1.138      ;
; 0.872 ; commutator:u_commutator|key_count[7]                    ; commutator:u_commutator|key_count[7]                       ; CLK          ; CLK         ; 0.000        ; 0.073      ; 1.140      ;
; 0.872 ; commutator:u_commutator|key_count[19]                   ; commutator:u_commutator|key_count[19]                      ; CLK          ; CLK         ; 0.000        ; 0.073      ; 1.140      ;
; 0.886 ; commutator:u_commutator|key_count[13]                   ; commutator:u_commutator|key_count[16]                      ; CLK          ; CLK         ; 0.000        ; 0.537      ; 1.618      ;
; 0.889 ; commutator:u_commutator|key_count[5]                    ; commutator:u_commutator|key_count[8]                       ; CLK          ; CLK         ; 0.000        ; 0.537      ; 1.621      ;
; 0.890 ; commutator:u_commutator|key_count[7]                    ; commutator:u_commutator|key_count[10]                      ; CLK          ; CLK         ; 0.000        ; 0.537      ; 1.622      ;
; 0.894 ; commutator:u_commutator|key_count[3]                    ; commutator:u_commutator|key_count[9]                       ; CLK          ; CLK         ; 0.000        ; 0.537      ; 1.626      ;
; 0.896 ; commutator:u_commutator|dst_reg[0]                      ; commutator:u_commutator|seven_seg_disp:display|r_number[0] ; CLK          ; CLK         ; 0.000        ; 0.064      ; 1.155      ;
; 0.905 ; commutator:u_commutator|key_count[6]                    ; commutator:u_commutator|key_count[10]                      ; CLK          ; CLK         ; 0.000        ; 0.537      ; 1.637      ;
; 0.915 ; commutator:u_commutator|key_count[5]                    ; commutator:u_commutator|key_count[9]                       ; CLK          ; CLK         ; 0.000        ; 0.537      ; 1.647      ;
; 0.919 ; commutator:u_commutator|key_count[2]                    ; commutator:u_commutator|key_count[9]                       ; CLK          ; CLK         ; 0.000        ; 0.537      ; 1.651      ;
; 0.919 ; commutator:u_commutator|key_count[3]                    ; commutator:u_commutator|key_count[10]                      ; CLK          ; CLK         ; 0.000        ; 0.537      ; 1.651      ;
; 0.920 ; commutator:u_commutator|key_count[1]                    ; commutator:u_commutator|key_count[8]                       ; CLK          ; CLK         ; 0.000        ; 0.537      ; 1.652      ;
; 0.930 ; commutator:u_commutator|key_count[0]                    ; commutator:u_commutator|key_count[8]                       ; CLK          ; CLK         ; 0.000        ; 0.537      ; 1.662      ;
; 0.934 ; commutator:u_commutator|key_count[2]                    ; commutator:u_commutator|key_count[10]                      ; CLK          ; CLK         ; 0.000        ; 0.537      ; 1.666      ;
; 0.937 ; commutator:u_commutator|seven_seg_disp:display|cnt[10]  ; commutator:u_commutator|seven_seg_disp:display|cnt[12]     ; CLK          ; CLK         ; 0.000        ; 0.538      ; 1.670      ;
; 0.959 ; commutator:u_commutator|key_count[15]                   ; commutator:u_commutator|key_count[16]                      ; CLK          ; CLK         ; 0.000        ; 0.537      ; 1.691      ;
; 0.963 ; commutator:u_commutator|dst_reg[1]                      ; commutator:u_commutator|seven_seg_disp:display|r_number[1] ; CLK          ; CLK         ; 0.000        ; 0.064      ; 1.222      ;
; 0.981 ; address_bits[2]                                         ; commutator:u_commutator|seven_seg_disp:display|r_number[2] ; CLK          ; CLK         ; 0.000        ; 0.064      ; 1.240      ;
; 1.002 ; commutator:u_commutator|seven_seg_disp:display|cnt[4]   ; commutator:u_commutator|seven_seg_disp:display|cnt[5]      ; CLK          ; CLK         ; 0.000        ; 0.092      ; 1.289      ;
; 1.008 ; commutator:u_commutator|key_count[11]                   ; commutator:u_commutator|key_count[16]                      ; CLK          ; CLK         ; 0.000        ; 0.537      ; 1.740      ;
; 1.008 ; commutator:u_commutator|seven_seg_disp:display|cnt[15]  ; commutator:u_commutator|seven_seg_disp:display|cnt[16]     ; CLK          ; CLK         ; 0.000        ; 0.092      ; 1.295      ;
; 1.008 ; commutator:u_commutator|key_count[9]                    ; commutator:u_commutator|key_count[10]                      ; CLK          ; CLK         ; 0.000        ; 0.091      ; 1.294      ;
; 1.010 ; commutator:u_commutator|key_count[8]                    ; commutator:u_commutator|key_count[9]                       ; CLK          ; CLK         ; 0.000        ; 0.091      ; 1.296      ;
; 1.011 ; commutator:u_commutator|key_count[5]                    ; commutator:u_commutator|key_count[10]                      ; CLK          ; CLK         ; 0.000        ; 0.537      ; 1.743      ;
; 1.012 ; commutator:u_commutator|seven_seg_disp:display|cnt[5]   ; commutator:u_commutator|seven_seg_disp:display|cnt[6]      ; CLK          ; CLK         ; 0.000        ; 0.092      ; 1.299      ;
; 1.013 ; commutator:u_commutator|key_count[0]                    ; commutator:u_commutator|key_count[1]                       ; CLK          ; CLK         ; 0.000        ; 0.073      ; 1.281      ;
; 1.015 ; commutator:u_commutator|key_count[12]                   ; commutator:u_commutator|key_count[13]                      ; CLK          ; CLK         ; 0.000        ; 0.073      ; 1.283      ;
; 1.017 ; commutator:u_commutator|seven_seg_disp:display|cnt[1]   ; commutator:u_commutator|seven_seg_disp:display|cnt[2]      ; CLK          ; CLK         ; 0.000        ; 0.092      ; 1.304      ;
; 1.017 ; commutator:u_commutator|key_count[2]                    ; commutator:u_commutator|key_count[3]                       ; CLK          ; CLK         ; 0.000        ; 0.073      ; 1.285      ;
; 1.017 ; commutator:u_commutator|key_count[1]                    ; commutator:u_commutator|key_count[9]                       ; CLK          ; CLK         ; 0.000        ; 0.537      ; 1.749      ;
; 1.017 ; commutator:u_commutator|seven_seg_disp:display|cnt[4]   ; commutator:u_commutator|seven_seg_disp:display|cnt[6]      ; CLK          ; CLK         ; 0.000        ; 0.092      ; 1.304      ;
; 1.018 ; commutator:u_commutator|key_count[1]                    ; commutator:u_commutator|key_count[2]                       ; CLK          ; CLK         ; 0.000        ; 0.073      ; 1.286      ;
; 1.018 ; commutator:u_commutator|key_count[18]                   ; commutator:u_commutator|key_count[19]                      ; CLK          ; CLK         ; 0.000        ; 0.073      ; 1.286      ;
; 1.020 ; commutator:u_commutator|key_count[17]                   ; commutator:u_commutator|key_count[18]                      ; CLK          ; CLK         ; 0.000        ; 0.073      ; 1.288      ;
; 1.025 ; commutator:u_commutator|seven_seg_disp:display|cnt[0]   ; commutator:u_commutator|seven_seg_disp:display|cnt[2]      ; CLK          ; CLK         ; 0.000        ; 0.092      ; 1.312      ;
; 1.026 ; commutator:u_commutator|key_count[8]                    ; commutator:u_commutator|key_count[10]                      ; CLK          ; CLK         ; 0.000        ; 0.091      ; 1.312      ;
; 1.028 ; commutator:u_commutator|key_count[0]                    ; commutator:u_commutator|key_count[2]                       ; CLK          ; CLK         ; 0.000        ; 0.073      ; 1.296      ;
; 1.029 ; commutator:u_commutator|key_count[14]                   ; commutator:u_commutator|key_count[15]                      ; CLK          ; CLK         ; 0.000        ; 0.073      ; 1.297      ;
; 1.030 ; commutator:u_commutator|key_count[12]                   ; commutator:u_commutator|key_count[14]                      ; CLK          ; CLK         ; 0.000        ; 0.073      ; 1.298      ;
+-------+---------------------------------------------------------+------------------------------------------------------------+--------------+-------------+--------------+------------+------------+


+-----------------------------------------------------------------------------------------------------------------------------------------------------------+
; Slow 1200mV 0C Model Recovery: 'CLK'                                                                                                                      ;
+--------+---------------+------------------------------------------------------------+--------------+-------------+--------------+------------+------------+
; Slack  ; From Node     ; To Node                                                    ; Launch Clock ; Latch Clock ; Relationship ; Clock Skew ; Data Delay ;
+--------+---------------+------------------------------------------------------------+--------------+-------------+--------------+------------+------------+
; -0.783 ; reset_pipe[1] ; commutator:u_commutator|seven_seg_disp:display|r_number[0] ; CLK          ; CLK         ; 1.000        ; -0.073     ; 1.712      ;
; -0.783 ; reset_pipe[1] ; commutator:u_commutator|seven_seg_disp:display|r_number[1] ; CLK          ; CLK         ; 1.000        ; -0.073     ; 1.712      ;
; -0.783 ; reset_pipe[1] ; commutator:u_commutator|seven_seg_disp:display|r_number[2] ; CLK          ; CLK         ; 1.000        ; -0.073     ; 1.712      ;
; -0.783 ; reset_pipe[1] ; commutator:u_commutator|seven_seg_disp:display|r_number[9] ; CLK          ; CLK         ; 1.000        ; -0.073     ; 1.712      ;
; -0.783 ; reset_pipe[1] ; commutator:u_commutator|seven_seg_disp:display|r_number[8] ; CLK          ; CLK         ; 1.000        ; -0.073     ; 1.712      ;
; -0.719 ; reset_pipe[1] ; commutator:u_commutator|seven_seg_disp:display|cnt[0]      ; CLK          ; CLK         ; 1.000        ; 0.380      ; 2.101      ;
; -0.719 ; reset_pipe[1] ; commutator:u_commutator|seven_seg_disp:display|cnt[1]      ; CLK          ; CLK         ; 1.000        ; 0.380      ; 2.101      ;
; -0.719 ; reset_pipe[1] ; commutator:u_commutator|seven_seg_disp:display|cnt[3]      ; CLK          ; CLK         ; 1.000        ; 0.380      ; 2.101      ;
; -0.719 ; reset_pipe[1] ; commutator:u_commutator|seven_seg_disp:display|cnt[4]      ; CLK          ; CLK         ; 1.000        ; 0.380      ; 2.101      ;
; -0.719 ; reset_pipe[1] ; commutator:u_commutator|seven_seg_disp:display|cnt[7]      ; CLK          ; CLK         ; 1.000        ; 0.380      ; 2.101      ;
; -0.719 ; reset_pipe[1] ; commutator:u_commutator|seven_seg_disp:display|cnt[6]      ; CLK          ; CLK         ; 1.000        ; 0.380      ; 2.101      ;
; -0.719 ; reset_pipe[1] ; commutator:u_commutator|seven_seg_disp:display|cnt[5]      ; CLK          ; CLK         ; 1.000        ; 0.380      ; 2.101      ;
; -0.719 ; reset_pipe[1] ; commutator:u_commutator|seven_seg_disp:display|cnt[2]      ; CLK          ; CLK         ; 1.000        ; 0.380      ; 2.101      ;
; -0.486 ; reset_pipe[1] ; commutator:u_commutator|seven_seg_disp:display|cnt[13]     ; CLK          ; CLK         ; 1.000        ; -0.072     ; 1.416      ;
; -0.486 ; reset_pipe[1] ; commutator:u_commutator|seven_seg_disp:display|cnt[10]     ; CLK          ; CLK         ; 1.000        ; -0.072     ; 1.416      ;
; -0.380 ; reset_pipe[1] ; commutator:u_commutator|seven_seg_disp:display|index[1]    ; CLK          ; CLK         ; 1.000        ; 0.330      ; 1.712      ;
; -0.380 ; reset_pipe[1] ; commutator:u_commutator|seven_seg_disp:display|index[0]    ; CLK          ; CLK         ; 1.000        ; 0.330      ; 1.712      ;
; -0.380 ; reset_pipe[1] ; commutator:u_commutator|seven_seg_disp:display|cnt[8]      ; CLK          ; CLK         ; 1.000        ; 0.330      ; 1.712      ;
; -0.380 ; reset_pipe[1] ; commutator:u_commutator|seven_seg_disp:display|cnt[14]     ; CLK          ; CLK         ; 1.000        ; 0.330      ; 1.712      ;
; -0.040 ; reset_pipe[1] ; commutator:u_commutator|seven_seg_disp:display|cnt[9]      ; CLK          ; CLK         ; 1.000        ; 0.374      ; 1.416      ;
; -0.040 ; reset_pipe[1] ; commutator:u_commutator|seven_seg_disp:display|cnt[11]     ; CLK          ; CLK         ; 1.000        ; 0.374      ; 1.416      ;
; -0.040 ; reset_pipe[1] ; commutator:u_commutator|seven_seg_disp:display|cnt[12]     ; CLK          ; CLK         ; 1.000        ; 0.374      ; 1.416      ;
; -0.040 ; reset_pipe[1] ; commutator:u_commutator|seven_seg_disp:display|cnt[17]     ; CLK          ; CLK         ; 1.000        ; 0.374      ; 1.416      ;
; -0.040 ; reset_pipe[1] ; commutator:u_commutator|seven_seg_disp:display|cnt[18]     ; CLK          ; CLK         ; 1.000        ; 0.374      ; 1.416      ;
; -0.040 ; reset_pipe[1] ; commutator:u_commutator|seven_seg_disp:display|cnt[15]     ; CLK          ; CLK         ; 1.000        ; 0.374      ; 1.416      ;
; -0.040 ; reset_pipe[1] ; commutator:u_commutator|seven_seg_disp:display|cnt[16]     ; CLK          ; CLK         ; 1.000        ; 0.374      ; 1.416      ;
+--------+---------------+------------------------------------------------------------+--------------+-------------+--------------+------------+------------+


+----------------------------------------------------------------------------------------------------------------------------------------------------------+
; Slow 1200mV 0C Model Removal: 'CLK'                                                                                                                      ;
+-------+---------------+------------------------------------------------------------+--------------+-------------+--------------+------------+------------+
; Slack ; From Node     ; To Node                                                    ; Launch Clock ; Latch Clock ; Relationship ; Clock Skew ; Data Delay ;
+-------+---------------+------------------------------------------------------------+--------------+-------------+--------------+------------+------------+
; 0.581 ; reset_pipe[1] ; commutator:u_commutator|seven_seg_disp:display|cnt[9]      ; CLK          ; CLK         ; 0.000        ; 0.538      ; 1.314      ;
; 0.581 ; reset_pipe[1] ; commutator:u_commutator|seven_seg_disp:display|cnt[11]     ; CLK          ; CLK         ; 0.000        ; 0.538      ; 1.314      ;
; 0.581 ; reset_pipe[1] ; commutator:u_commutator|seven_seg_disp:display|cnt[12]     ; CLK          ; CLK         ; 0.000        ; 0.538      ; 1.314      ;
; 0.581 ; reset_pipe[1] ; commutator:u_commutator|seven_seg_disp:display|cnt[17]     ; CLK          ; CLK         ; 0.000        ; 0.538      ; 1.314      ;
; 0.581 ; reset_pipe[1] ; commutator:u_commutator|seven_seg_disp:display|cnt[18]     ; CLK          ; CLK         ; 0.000        ; 0.538      ; 1.314      ;
; 0.581 ; reset_pipe[1] ; commutator:u_commutator|seven_seg_disp:display|cnt[15]     ; CLK          ; CLK         ; 0.000        ; 0.538      ; 1.314      ;
; 0.581 ; reset_pipe[1] ; commutator:u_commutator|seven_seg_disp:display|cnt[16]     ; CLK          ; CLK         ; 0.000        ; 0.538      ; 1.314      ;
; 0.860 ; reset_pipe[1] ; commutator:u_commutator|seven_seg_disp:display|index[1]    ; CLK          ; CLK         ; 0.000        ; 0.492      ; 1.547      ;
; 0.860 ; reset_pipe[1] ; commutator:u_commutator|seven_seg_disp:display|index[0]    ; CLK          ; CLK         ; 0.000        ; 0.492      ; 1.547      ;
; 0.860 ; reset_pipe[1] ; commutator:u_commutator|seven_seg_disp:display|cnt[8]      ; CLK          ; CLK         ; 0.000        ; 0.492      ; 1.547      ;
; 0.860 ; reset_pipe[1] ; commutator:u_commutator|seven_seg_disp:display|cnt[14]     ; CLK          ; CLK         ; 0.000        ; 0.492      ; 1.547      ;
; 1.047 ; reset_pipe[1] ; commutator:u_commutator|seven_seg_disp:display|cnt[13]     ; CLK          ; CLK         ; 0.000        ; 0.072      ; 1.314      ;
; 1.047 ; reset_pipe[1] ; commutator:u_commutator|seven_seg_disp:display|cnt[10]     ; CLK          ; CLK         ; 0.000        ; 0.072      ; 1.314      ;
; 1.125 ; reset_pipe[1] ; commutator:u_commutator|seven_seg_disp:display|cnt[0]      ; CLK          ; CLK         ; 0.000        ; 0.544      ; 1.864      ;
; 1.125 ; reset_pipe[1] ; commutator:u_commutator|seven_seg_disp:display|cnt[1]      ; CLK          ; CLK         ; 0.000        ; 0.544      ; 1.864      ;
; 1.125 ; reset_pipe[1] ; commutator:u_commutator|seven_seg_disp:display|cnt[3]      ; CLK          ; CLK         ; 0.000        ; 0.544      ; 1.864      ;
; 1.125 ; reset_pipe[1] ; commutator:u_commutator|seven_seg_disp:display|cnt[4]      ; CLK          ; CLK         ; 0.000        ; 0.544      ; 1.864      ;
; 1.125 ; reset_pipe[1] ; commutator:u_commutator|seven_seg_disp:display|cnt[7]      ; CLK          ; CLK         ; 0.000        ; 0.544      ; 1.864      ;
; 1.125 ; reset_pipe[1] ; commutator:u_commutator|seven_seg_disp:display|cnt[6]      ; CLK          ; CLK         ; 0.000        ; 0.544      ; 1.864      ;
; 1.125 ; reset_pipe[1] ; commutator:u_commutator|seven_seg_disp:display|cnt[5]      ; CLK          ; CLK         ; 0.000        ; 0.544      ; 1.864      ;
; 1.125 ; reset_pipe[1] ; commutator:u_commutator|seven_seg_disp:display|cnt[2]      ; CLK          ; CLK         ; 0.000        ; 0.544      ; 1.864      ;
; 1.281 ; reset_pipe[1] ; commutator:u_commutator|seven_seg_disp:display|r_number[0] ; CLK          ; CLK         ; 0.000        ; 0.071      ; 1.547      ;
; 1.281 ; reset_pipe[1] ; commutator:u_commutator|seven_seg_disp:display|r_number[1] ; CLK          ; CLK         ; 0.000        ; 0.071      ; 1.547      ;
; 1.281 ; reset_pipe[1] ; commutator:u_commutator|seven_seg_disp:display|r_number[2] ; CLK          ; CLK         ; 0.000        ; 0.071      ; 1.547      ;
; 1.281 ; reset_pipe[1] ; commutator:u_commutator|seven_seg_disp:display|r_number[9] ; CLK          ; CLK         ; 0.000        ; 0.071      ; 1.547      ;
; 1.281 ; reset_pipe[1] ; commutator:u_commutator|seven_seg_disp:display|r_number[8] ; CLK          ; CLK         ; 0.000        ; 0.071      ; 1.547      ;
+-------+---------------+------------------------------------------------------------+--------------+-------------+--------------+------------+------------+


----------------------------------------------
; Slow 1200mV 0C Model Metastability Summary ;
----------------------------------------------
Design MTBF is not calculated because the design doesn't meet its timing requirements.



+------------------------------------+
; Fast 1200mV 0C Model Setup Summary ;
+-------+--------+-------------------+
; Clock ; Slack  ; End Point TNS     ;
+-------+--------+-------------------+
; CLK   ; -0.985 ; -31.715           ;
+-------+--------+-------------------+


+-----------------------------------+
; Fast 1200mV 0C Model Hold Summary ;
+-------+-------+-------------------+
; Clock ; Slack ; End Point TNS     ;
+-------+-------+-------------------+
; CLK   ; 0.180 ; 0.000             ;
+-------+-------+-------------------+


+---------------------------------------+
; Fast 1200mV 0C Model Recovery Summary ;
+-------+-------+-----------------------+
; Clock ; Slack ; End Point TNS         ;
+-------+-------+-----------------------+
; CLK   ; 0.123 ; 0.000                 ;
+-------+-------+-----------------------+


+--------------------------------------+
; Fast 1200mV 0C Model Removal Summary ;
+-------+-------+----------------------+
; Clock ; Slack ; End Point TNS        ;
+-------+-------+----------------------+
; CLK   ; 0.287 ; 0.000                ;
+-------+-------+----------------------+


+--------------------------------------------------+
; Fast 1200mV 0C Model Minimum Pulse Width Summary ;
+-------+--------+---------------------------------+
; Clock ; Slack  ; End Point TNS                   ;
+-------+--------+---------------------------------+
; CLK   ; -3.000 ; -70.643                         ;
+-------+--------+---------------------------------+


+-------------------------------------------------------------------------------------------------------------------------------------------------------------+
; Fast 1200mV 0C Model Setup: 'CLK'                                                                                                                           ;
+--------+---------------------------------------+--------------------------------------+--------------+-------------+--------------+------------+------------+
; Slack  ; From Node                             ; To Node                              ; Launch Clock ; Latch Clock ; Relationship ; Clock Skew ; Data Delay ;
+--------+---------------------------------------+--------------------------------------+--------------+-------------+--------------+------------+------------+
; -0.985 ; commutator:u_commutator|key_count[8]  ; commutator:u_commutator|key_count[0] ; CLK          ; CLK         ; 1.000        ; -0.237     ; 1.735      ;
; -0.985 ; commutator:u_commutator|key_count[8]  ; commutator:u_commutator|key_count[1] ; CLK          ; CLK         ; 1.000        ; -0.237     ; 1.735      ;
; -0.985 ; commutator:u_commutator|key_count[8]  ; commutator:u_commutator|key_count[2] ; CLK          ; CLK         ; 1.000        ; -0.237     ; 1.735      ;
; -0.985 ; commutator:u_commutator|key_count[8]  ; commutator:u_commutator|key_count[3] ; CLK          ; CLK         ; 1.000        ; -0.237     ; 1.735      ;
; -0.985 ; commutator:u_commutator|key_count[8]  ; commutator:u_commutator|key_count[5] ; CLK          ; CLK         ; 1.000        ; -0.237     ; 1.735      ;
; -0.985 ; commutator:u_commutator|key_count[8]  ; commutator:u_commutator|key_count[6] ; CLK          ; CLK         ; 1.000        ; -0.237     ; 1.735      ;
; -0.985 ; commutator:u_commutator|key_count[8]  ; commutator:u_commutator|key_count[7] ; CLK          ; CLK         ; 1.000        ; -0.237     ; 1.735      ;
; -0.983 ; commutator:u_commutator|key_count[4]  ; commutator:u_commutator|key_count[0] ; CLK          ; CLK         ; 1.000        ; -0.237     ; 1.733      ;
; -0.983 ; commutator:u_commutator|key_count[4]  ; commutator:u_commutator|key_count[1] ; CLK          ; CLK         ; 1.000        ; -0.237     ; 1.733      ;
; -0.983 ; commutator:u_commutator|key_count[4]  ; commutator:u_commutator|key_count[2] ; CLK          ; CLK         ; 1.000        ; -0.237     ; 1.733      ;
; -0.983 ; commutator:u_commutator|key_count[4]  ; commutator:u_commutator|key_count[3] ; CLK          ; CLK         ; 1.000        ; -0.237     ; 1.733      ;
; -0.983 ; commutator:u_commutator|key_count[4]  ; commutator:u_commutator|key_count[5] ; CLK          ; CLK         ; 1.000        ; -0.237     ; 1.733      ;
; -0.983 ; commutator:u_commutator|key_count[4]  ; commutator:u_commutator|key_count[6] ; CLK          ; CLK         ; 1.000        ; -0.237     ; 1.733      ;
; -0.983 ; commutator:u_commutator|key_count[4]  ; commutator:u_commutator|key_count[7] ; CLK          ; CLK         ; 1.000        ; -0.237     ; 1.733      ;
; -0.976 ; commutator:u_commutator|key_count[2]  ; commutator:u_commutator|key_count[0] ; CLK          ; CLK         ; 1.000        ; -0.036     ; 1.927      ;
; -0.976 ; commutator:u_commutator|key_count[2]  ; commutator:u_commutator|key_count[1] ; CLK          ; CLK         ; 1.000        ; -0.036     ; 1.927      ;
; -0.976 ; commutator:u_commutator|key_count[2]  ; commutator:u_commutator|key_count[2] ; CLK          ; CLK         ; 1.000        ; -0.036     ; 1.927      ;
; -0.976 ; commutator:u_commutator|key_count[2]  ; commutator:u_commutator|key_count[3] ; CLK          ; CLK         ; 1.000        ; -0.036     ; 1.927      ;
; -0.976 ; commutator:u_commutator|key_count[2]  ; commutator:u_commutator|key_count[5] ; CLK          ; CLK         ; 1.000        ; -0.036     ; 1.927      ;
; -0.976 ; commutator:u_commutator|key_count[2]  ; commutator:u_commutator|key_count[6] ; CLK          ; CLK         ; 1.000        ; -0.036     ; 1.927      ;
; -0.976 ; commutator:u_commutator|key_count[2]  ; commutator:u_commutator|key_count[7] ; CLK          ; CLK         ; 1.000        ; -0.036     ; 1.927      ;
; -0.975 ; commutator:u_commutator|key_count[0]  ; commutator:u_commutator|key_count[0] ; CLK          ; CLK         ; 1.000        ; -0.036     ; 1.926      ;
; -0.975 ; commutator:u_commutator|key_count[0]  ; commutator:u_commutator|key_count[1] ; CLK          ; CLK         ; 1.000        ; -0.036     ; 1.926      ;
; -0.975 ; commutator:u_commutator|key_count[0]  ; commutator:u_commutator|key_count[2] ; CLK          ; CLK         ; 1.000        ; -0.036     ; 1.926      ;
; -0.975 ; commutator:u_commutator|key_count[0]  ; commutator:u_commutator|key_count[3] ; CLK          ; CLK         ; 1.000        ; -0.036     ; 1.926      ;
; -0.975 ; commutator:u_commutator|key_count[0]  ; commutator:u_commutator|key_count[5] ; CLK          ; CLK         ; 1.000        ; -0.036     ; 1.926      ;
; -0.975 ; commutator:u_commutator|key_count[0]  ; commutator:u_commutator|key_count[6] ; CLK          ; CLK         ; 1.000        ; -0.036     ; 1.926      ;
; -0.975 ; commutator:u_commutator|key_count[0]  ; commutator:u_commutator|key_count[7] ; CLK          ; CLK         ; 1.000        ; -0.036     ; 1.926      ;
; -0.939 ; commutator:u_commutator|key_count[7]  ; commutator:u_commutator|key_count[0] ; CLK          ; CLK         ; 1.000        ; -0.036     ; 1.890      ;
; -0.939 ; commutator:u_commutator|key_count[7]  ; commutator:u_commutator|key_count[1] ; CLK          ; CLK         ; 1.000        ; -0.036     ; 1.890      ;
; -0.939 ; commutator:u_commutator|key_count[7]  ; commutator:u_commutator|key_count[2] ; CLK          ; CLK         ; 1.000        ; -0.036     ; 1.890      ;
; -0.939 ; commutator:u_commutator|key_count[7]  ; commutator:u_commutator|key_count[3] ; CLK          ; CLK         ; 1.000        ; -0.036     ; 1.890      ;
; -0.939 ; commutator:u_commutator|key_count[7]  ; commutator:u_commutator|key_count[5] ; CLK          ; CLK         ; 1.000        ; -0.036     ; 1.890      ;
; -0.939 ; commutator:u_commutator|key_count[7]  ; commutator:u_commutator|key_count[6] ; CLK          ; CLK         ; 1.000        ; -0.036     ; 1.890      ;
; -0.939 ; commutator:u_commutator|key_count[7]  ; commutator:u_commutator|key_count[7] ; CLK          ; CLK         ; 1.000        ; -0.036     ; 1.890      ;
; -0.934 ; commutator:u_commutator|key_count[6]  ; commutator:u_commutator|key_count[0] ; CLK          ; CLK         ; 1.000        ; -0.036     ; 1.885      ;
; -0.934 ; commutator:u_commutator|key_count[6]  ; commutator:u_commutator|key_count[1] ; CLK          ; CLK         ; 1.000        ; -0.036     ; 1.885      ;
; -0.934 ; commutator:u_commutator|key_count[6]  ; commutator:u_commutator|key_count[2] ; CLK          ; CLK         ; 1.000        ; -0.036     ; 1.885      ;
; -0.934 ; commutator:u_commutator|key_count[6]  ; commutator:u_commutator|key_count[3] ; CLK          ; CLK         ; 1.000        ; -0.036     ; 1.885      ;
; -0.934 ; commutator:u_commutator|key_count[6]  ; commutator:u_commutator|key_count[5] ; CLK          ; CLK         ; 1.000        ; -0.036     ; 1.885      ;
; -0.934 ; commutator:u_commutator|key_count[6]  ; commutator:u_commutator|key_count[6] ; CLK          ; CLK         ; 1.000        ; -0.036     ; 1.885      ;
; -0.934 ; commutator:u_commutator|key_count[6]  ; commutator:u_commutator|key_count[7] ; CLK          ; CLK         ; 1.000        ; -0.036     ; 1.885      ;
; -0.905 ; commutator:u_commutator|key_count[1]  ; commutator:u_commutator|key_count[0] ; CLK          ; CLK         ; 1.000        ; -0.036     ; 1.856      ;
; -0.905 ; commutator:u_commutator|key_count[1]  ; commutator:u_commutator|key_count[1] ; CLK          ; CLK         ; 1.000        ; -0.036     ; 1.856      ;
; -0.905 ; commutator:u_commutator|key_count[1]  ; commutator:u_commutator|key_count[2] ; CLK          ; CLK         ; 1.000        ; -0.036     ; 1.856      ;
; -0.905 ; commutator:u_commutator|key_count[1]  ; commutator:u_commutator|key_count[3] ; CLK          ; CLK         ; 1.000        ; -0.036     ; 1.856      ;
; -0.905 ; commutator:u_commutator|key_count[1]  ; commutator:u_commutator|key_count[5] ; CLK          ; CLK         ; 1.000        ; -0.036     ; 1.856      ;
; -0.905 ; commutator:u_commutator|key_count[1]  ; commutator:u_commutator|key_count[6] ; CLK          ; CLK         ; 1.000        ; -0.036     ; 1.856      ;
; -0.905 ; commutator:u_commutator|key_count[1]  ; commutator:u_commutator|key_count[7] ; CLK          ; CLK         ; 1.000        ; -0.036     ; 1.856      ;
; -0.902 ; commutator:u_commutator|key_count[9]  ; commutator:u_commutator|key_count[0] ; CLK          ; CLK         ; 1.000        ; -0.237     ; 1.652      ;
; -0.902 ; commutator:u_commutator|key_count[9]  ; commutator:u_commutator|key_count[1] ; CLK          ; CLK         ; 1.000        ; -0.237     ; 1.652      ;
; -0.902 ; commutator:u_commutator|key_count[9]  ; commutator:u_commutator|key_count[2] ; CLK          ; CLK         ; 1.000        ; -0.237     ; 1.652      ;
; -0.902 ; commutator:u_commutator|key_count[9]  ; commutator:u_commutator|key_count[3] ; CLK          ; CLK         ; 1.000        ; -0.237     ; 1.652      ;
; -0.902 ; commutator:u_commutator|key_count[9]  ; commutator:u_commutator|key_count[5] ; CLK          ; CLK         ; 1.000        ; -0.237     ; 1.652      ;
; -0.902 ; commutator:u_commutator|key_count[9]  ; commutator:u_commutator|key_count[6] ; CLK          ; CLK         ; 1.000        ; -0.237     ; 1.652      ;
; -0.902 ; commutator:u_commutator|key_count[9]  ; commutator:u_commutator|key_count[7] ; CLK          ; CLK         ; 1.000        ; -0.237     ; 1.652      ;
; -0.856 ; commutator:u_commutator|key_count[13] ; commutator:u_commutator|key_count[0] ; CLK          ; CLK         ; 1.000        ; -0.036     ; 1.807      ;
; -0.856 ; commutator:u_commutator|key_count[13] ; commutator:u_commutator|key_count[1] ; CLK          ; CLK         ; 1.000        ; -0.036     ; 1.807      ;
; -0.856 ; commutator:u_commutator|key_count[13] ; commutator:u_commutator|key_count[2] ; CLK          ; CLK         ; 1.000        ; -0.036     ; 1.807      ;
; -0.856 ; commutator:u_commutator|key_count[13] ; commutator:u_commutator|key_count[3] ; CLK          ; CLK         ; 1.000        ; -0.036     ; 1.807      ;
; -0.856 ; commutator:u_commutator|key_count[13] ; commutator:u_commutator|key_count[5] ; CLK          ; CLK         ; 1.000        ; -0.036     ; 1.807      ;
; -0.856 ; commutator:u_commutator|key_count[13] ; commutator:u_commutator|key_count[6] ; CLK          ; CLK         ; 1.000        ; -0.036     ; 1.807      ;
; -0.856 ; commutator:u_commutator|key_count[13] ; commutator:u_commutator|key_count[7] ; CLK          ; CLK         ; 1.000        ; -0.036     ; 1.807      ;
; -0.847 ; commutator:u_commutator|key_count[3]  ; commutator:u_commutator|key_count[0] ; CLK          ; CLK         ; 1.000        ; -0.036     ; 1.798      ;
; -0.847 ; commutator:u_commutator|key_count[3]  ; commutator:u_commutator|key_count[1] ; CLK          ; CLK         ; 1.000        ; -0.036     ; 1.798      ;
; -0.847 ; commutator:u_commutator|key_count[3]  ; commutator:u_commutator|key_count[2] ; CLK          ; CLK         ; 1.000        ; -0.036     ; 1.798      ;
; -0.847 ; commutator:u_commutator|key_count[3]  ; commutator:u_commutator|key_count[3] ; CLK          ; CLK         ; 1.000        ; -0.036     ; 1.798      ;
; -0.847 ; commutator:u_commutator|key_count[3]  ; commutator:u_commutator|key_count[5] ; CLK          ; CLK         ; 1.000        ; -0.036     ; 1.798      ;
; -0.847 ; commutator:u_commutator|key_count[3]  ; commutator:u_commutator|key_count[6] ; CLK          ; CLK         ; 1.000        ; -0.036     ; 1.798      ;
; -0.847 ; commutator:u_commutator|key_count[3]  ; commutator:u_commutator|key_count[7] ; CLK          ; CLK         ; 1.000        ; -0.036     ; 1.798      ;
; -0.840 ; commutator:u_commutator|key_count[5]  ; commutator:u_commutator|key_count[0] ; CLK          ; CLK         ; 1.000        ; -0.036     ; 1.791      ;
; -0.840 ; commutator:u_commutator|key_count[5]  ; commutator:u_commutator|key_count[1] ; CLK          ; CLK         ; 1.000        ; -0.036     ; 1.791      ;
; -0.840 ; commutator:u_commutator|key_count[5]  ; commutator:u_commutator|key_count[2] ; CLK          ; CLK         ; 1.000        ; -0.036     ; 1.791      ;
; -0.840 ; commutator:u_commutator|key_count[5]  ; commutator:u_commutator|key_count[3] ; CLK          ; CLK         ; 1.000        ; -0.036     ; 1.791      ;
; -0.840 ; commutator:u_commutator|key_count[5]  ; commutator:u_commutator|key_count[5] ; CLK          ; CLK         ; 1.000        ; -0.036     ; 1.791      ;
; -0.840 ; commutator:u_commutator|key_count[5]  ; commutator:u_commutator|key_count[6] ; CLK          ; CLK         ; 1.000        ; -0.036     ; 1.791      ;
; -0.840 ; commutator:u_commutator|key_count[5]  ; commutator:u_commutator|key_count[7] ; CLK          ; CLK         ; 1.000        ; -0.036     ; 1.791      ;
; -0.833 ; commutator:u_commutator|key_count[14] ; commutator:u_commutator|key_count[0] ; CLK          ; CLK         ; 1.000        ; -0.036     ; 1.784      ;
; -0.833 ; commutator:u_commutator|key_count[14] ; commutator:u_commutator|key_count[1] ; CLK          ; CLK         ; 1.000        ; -0.036     ; 1.784      ;
; -0.833 ; commutator:u_commutator|key_count[14] ; commutator:u_commutator|key_count[2] ; CLK          ; CLK         ; 1.000        ; -0.036     ; 1.784      ;
; -0.833 ; commutator:u_commutator|key_count[14] ; commutator:u_commutator|key_count[3] ; CLK          ; CLK         ; 1.000        ; -0.036     ; 1.784      ;
; -0.833 ; commutator:u_commutator|key_count[14] ; commutator:u_commutator|key_count[5] ; CLK          ; CLK         ; 1.000        ; -0.036     ; 1.784      ;
; -0.833 ; commutator:u_commutator|key_count[14] ; commutator:u_commutator|key_count[6] ; CLK          ; CLK         ; 1.000        ; -0.036     ; 1.784      ;
; -0.833 ; commutator:u_commutator|key_count[14] ; commutator:u_commutator|key_count[7] ; CLK          ; CLK         ; 1.000        ; -0.036     ; 1.784      ;
; -0.802 ; commutator:u_commutator|key_count[15] ; commutator:u_commutator|key_count[0] ; CLK          ; CLK         ; 1.000        ; -0.036     ; 1.753      ;
; -0.802 ; commutator:u_commutator|key_count[15] ; commutator:u_commutator|key_count[1] ; CLK          ; CLK         ; 1.000        ; -0.036     ; 1.753      ;
; -0.802 ; commutator:u_commutator|key_count[15] ; commutator:u_commutator|key_count[2] ; CLK          ; CLK         ; 1.000        ; -0.036     ; 1.753      ;
; -0.802 ; commutator:u_commutator|key_count[15] ; commutator:u_commutator|key_count[3] ; CLK          ; CLK         ; 1.000        ; -0.036     ; 1.753      ;
; -0.802 ; commutator:u_commutator|key_count[15] ; commutator:u_commutator|key_count[5] ; CLK          ; CLK         ; 1.000        ; -0.036     ; 1.753      ;
; -0.802 ; commutator:u_commutator|key_count[15] ; commutator:u_commutator|key_count[6] ; CLK          ; CLK         ; 1.000        ; -0.036     ; 1.753      ;
; -0.802 ; commutator:u_commutator|key_count[15] ; commutator:u_commutator|key_count[7] ; CLK          ; CLK         ; 1.000        ; -0.036     ; 1.753      ;
; -0.792 ; commutator:u_commutator|key_count[8]  ; commutator:u_commutator|key_count[4] ; CLK          ; CLK         ; 1.000        ; -0.044     ; 1.735      ;
; -0.792 ; commutator:u_commutator|key_count[8]  ; commutator:u_commutator|key_count[8] ; CLK          ; CLK         ; 1.000        ; -0.044     ; 1.735      ;
; -0.792 ; commutator:u_commutator|key_count[8]  ; commutator:u_commutator|key_count[9] ; CLK          ; CLK         ; 1.000        ; -0.044     ; 1.735      ;
; -0.790 ; commutator:u_commutator|key_count[4]  ; commutator:u_commutator|key_count[4] ; CLK          ; CLK         ; 1.000        ; -0.044     ; 1.733      ;
; -0.790 ; commutator:u_commutator|key_count[4]  ; commutator:u_commutator|key_count[8] ; CLK          ; CLK         ; 1.000        ; -0.044     ; 1.733      ;
; -0.790 ; commutator:u_commutator|key_count[4]  ; commutator:u_commutator|key_count[9] ; CLK          ; CLK         ; 1.000        ; -0.044     ; 1.733      ;
; -0.783 ; commutator:u_commutator|key_count[2]  ; commutator:u_commutator|key_count[4] ; CLK          ; CLK         ; 1.000        ; 0.157      ; 1.927      ;
; -0.783 ; commutator:u_commutator|key_count[2]  ; commutator:u_commutator|key_count[8] ; CLK          ; CLK         ; 1.000        ; 0.157      ; 1.927      ;
; -0.783 ; commutator:u_commutator|key_count[2]  ; commutator:u_commutator|key_count[9] ; CLK          ; CLK         ; 1.000        ; 0.157      ; 1.927      ;
+--------+---------------------------------------+--------------------------------------+--------------+-------------+--------------+------------+------------+


+----------------------------------------------------------------------------------------------------------------------------------------------------------------------------------------------------+
; Fast 1200mV 0C Model Hold: 'CLK'                                                                                                                                                                   ;
+-------+---------------------------------------------------------+------------------------------------------------------------+--------------+-------------+--------------+------------+------------+
; Slack ; From Node                                               ; To Node                                                    ; Launch Clock ; Latch Clock ; Relationship ; Clock Skew ; Data Delay ;
+-------+---------------------------------------------------------+------------------------------------------------------------+--------------+-------------+--------------+------------+------------+
; 0.180 ; commutator:u_commutator|seven_seg_disp:display|index[1] ; commutator:u_commutator|seven_seg_disp:display|index[1]    ; CLK          ; CLK         ; 0.000        ; 0.043      ; 0.307      ;
; 0.180 ; commutator:u_commutator|seven_seg_disp:display|index[0] ; commutator:u_commutator|seven_seg_disp:display|index[0]    ; CLK          ; CLK         ; 0.000        ; 0.043      ; 0.307      ;
; 0.186 ; commutator:u_commutator|state[0]                        ; commutator:u_commutator|state[0]                           ; CLK          ; CLK         ; 0.000        ; 0.037      ; 0.307      ;
; 0.186 ; commutator:u_commutator|state[1]                        ; commutator:u_commutator|state[1]                           ; CLK          ; CLK         ; 0.000        ; 0.037      ; 0.307      ;
; 0.186 ; commutator:u_commutator|key_stable                      ; commutator:u_commutator|key_stable                         ; CLK          ; CLK         ; 0.000        ; 0.037      ; 0.307      ;
; 0.193 ; address_meta[1]                                         ; address_bits[1]                                            ; CLK          ; CLK         ; 0.000        ; 0.037      ; 0.314      ;
; 0.194 ; address_meta[2]                                         ; address_bits[2]                                            ; CLK          ; CLK         ; 0.000        ; 0.037      ; 0.315      ;
; 0.194 ; address_meta[0]                                         ; address_bits[0]                                            ; CLK          ; CLK         ; 0.000        ; 0.037      ; 0.315      ;
; 0.204 ; address_bits[1]                                         ; commutator:u_commutator|dst_reg[1]                         ; CLK          ; CLK         ; 0.000        ; 0.037      ; 0.325      ;
; 0.207 ; address_bits[2]                                         ; commutator:u_commutator|dst_reg[2]                         ; CLK          ; CLK         ; 0.000        ; 0.037      ; 0.328      ;
; 0.211 ; commutator:u_commutator|key_stable                      ; commutator:u_commutator|key_previous                       ; CLK          ; CLK         ; 0.000        ; 0.037      ; 0.332      ;
; 0.211 ; commutator:u_commutator|key_stable                      ; commutator:u_commutator|state[1]                           ; CLK          ; CLK         ; 0.000        ; 0.037      ; 0.332      ;
; 0.214 ; commutator:u_commutator|key_stable                      ; commutator:u_commutator|state[0]                           ; CLK          ; CLK         ; 0.000        ; 0.037      ; 0.335      ;
; 0.247 ; commutator:u_commutator|key_count[3]                    ; commutator:u_commutator|key_count[4]                       ; CLK          ; CLK         ; 0.000        ; 0.237      ; 0.568      ;
; 0.260 ; commutator:u_commutator|key_count[2]                    ; commutator:u_commutator|key_count[4]                       ; CLK          ; CLK         ; 0.000        ; 0.237      ; 0.581      ;
; 0.268 ; commutator:u_commutator|key_count[14]                   ; commutator:u_commutator|key_count[16]                      ; CLK          ; CLK         ; 0.000        ; 0.237      ; 0.589      ;
; 0.269 ; commutator:u_commutator|key_meta                        ; commutator:u_commutator|key_sync                           ; CLK          ; CLK         ; 0.000        ; 0.036      ; 0.389      ;
; 0.290 ; commutator:u_commutator|key_count[10]                   ; commutator:u_commutator|key_count[10]                      ; CLK          ; CLK         ; 0.000        ; 0.044      ; 0.418      ;
; 0.291 ; commutator:u_commutator|key_count[16]                   ; commutator:u_commutator|key_count[16]                      ; CLK          ; CLK         ; 0.000        ; 0.044      ; 0.419      ;
; 0.296 ; commutator:u_commutator|seven_seg_disp:display|cnt[6]   ; commutator:u_commutator|seven_seg_disp:display|cnt[6]      ; CLK          ; CLK         ; 0.000        ; 0.045      ; 0.425      ;
; 0.296 ; commutator:u_commutator|key_count[9]                    ; commutator:u_commutator|key_count[9]                       ; CLK          ; CLK         ; 0.000        ; 0.044      ; 0.424      ;
; 0.297 ; commutator:u_commutator|seven_seg_disp:display|cnt[15]  ; commutator:u_commutator|seven_seg_disp:display|cnt[15]     ; CLK          ; CLK         ; 0.000        ; 0.044      ; 0.425      ;
; 0.297 ; commutator:u_commutator|seven_seg_disp:display|cnt[5]   ; commutator:u_commutator|seven_seg_disp:display|cnt[5]      ; CLK          ; CLK         ; 0.000        ; 0.045      ; 0.426      ;
; 0.298 ; commutator:u_commutator|seven_seg_disp:display|cnt[2]   ; commutator:u_commutator|seven_seg_disp:display|cnt[2]      ; CLK          ; CLK         ; 0.000        ; 0.045      ; 0.427      ;
; 0.298 ; commutator:u_commutator|key_count[8]                    ; commutator:u_commutator|key_count[8]                       ; CLK          ; CLK         ; 0.000        ; 0.044      ; 0.426      ;
; 0.299 ; commutator:u_commutator|seven_seg_disp:display|cnt[16]  ; commutator:u_commutator|seven_seg_disp:display|cnt[16]     ; CLK          ; CLK         ; 0.000        ; 0.044      ; 0.427      ;
; 0.299 ; commutator:u_commutator|key_count[1]                    ; commutator:u_commutator|key_count[1]                       ; CLK          ; CLK         ; 0.000        ; 0.036      ; 0.419      ;
; 0.299 ; commutator:u_commutator|key_count[3]                    ; commutator:u_commutator|key_count[3]                       ; CLK          ; CLK         ; 0.000        ; 0.036      ; 0.419      ;
; 0.299 ; commutator:u_commutator|key_count[17]                   ; commutator:u_commutator|key_count[17]                      ; CLK          ; CLK         ; 0.000        ; 0.036      ; 0.419      ;
; 0.300 ; commutator:u_commutator|key_count[2]                    ; commutator:u_commutator|key_count[2]                       ; CLK          ; CLK         ; 0.000        ; 0.036      ; 0.420      ;
; 0.300 ; commutator:u_commutator|key_count[12]                   ; commutator:u_commutator|key_count[12]                      ; CLK          ; CLK         ; 0.000        ; 0.036      ; 0.420      ;
; 0.300 ; commutator:u_commutator|key_count[18]                   ; commutator:u_commutator|key_count[18]                      ; CLK          ; CLK         ; 0.000        ; 0.036      ; 0.420      ;
; 0.302 ; commutator:u_commutator|seven_seg_disp:display|index[0] ; commutator:u_commutator|seven_seg_disp:display|index[1]    ; CLK          ; CLK         ; 0.000        ; 0.043      ; 0.429      ;
; 0.306 ; address_bits[0]                                         ; commutator:u_commutator|dst_reg[0]                         ; CLK          ; CLK         ; 0.000        ; 0.037      ; 0.427      ;
; 0.306 ; commutator:u_commutator|seven_seg_disp:display|cnt[13]  ; commutator:u_commutator|seven_seg_disp:display|cnt[13]     ; CLK          ; CLK         ; 0.000        ; 0.036      ; 0.426      ;
; 0.306 ; commutator:u_commutator|seven_seg_disp:display|cnt[10]  ; commutator:u_commutator|seven_seg_disp:display|cnt[10]     ; CLK          ; CLK         ; 0.000        ; 0.036      ; 0.426      ;
; 0.307 ; commutator:u_commutator|key_previous                    ; commutator:u_commutator|state[0]                           ; CLK          ; CLK         ; 0.000        ; 0.037      ; 0.428      ;
; 0.308 ; commutator:u_commutator|key_count[0]                    ; commutator:u_commutator|key_count[0]                       ; CLK          ; CLK         ; 0.000        ; 0.036      ; 0.428      ;
; 0.308 ; commutator:u_commutator|key_count[14]                   ; commutator:u_commutator|key_count[14]                      ; CLK          ; CLK         ; 0.000        ; 0.036      ; 0.428      ;
; 0.313 ; commutator:u_commutator|state[0]                        ; commutator:u_commutator|state[1]                           ; CLK          ; CLK         ; 0.000        ; 0.037      ; 0.434      ;
; 0.313 ; commutator:u_commutator|key_count[1]                    ; commutator:u_commutator|key_count[4]                       ; CLK          ; CLK         ; 0.000        ; 0.237      ; 0.634      ;
; 0.318 ; commutator:u_commutator|seven_seg_disp:display|cnt[13]  ; commutator:u_commutator|seven_seg_disp:display|cnt[15]     ; CLK          ; CLK         ; 0.000        ; 0.236      ; 0.638      ;
; 0.319 ; commutator:u_commutator|key_previous                    ; commutator:u_commutator|state[1]                           ; CLK          ; CLK         ; 0.000        ; 0.037      ; 0.440      ;
; 0.320 ; commutator:u_commutator|key_count[7]                    ; commutator:u_commutator|key_count[8]                       ; CLK          ; CLK         ; 0.000        ; 0.237      ; 0.641      ;
; 0.321 ; commutator:u_commutator|seven_seg_disp:display|cnt[13]  ; commutator:u_commutator|seven_seg_disp:display|cnt[16]     ; CLK          ; CLK         ; 0.000        ; 0.236      ; 0.641      ;
; 0.325 ; commutator:u_commutator|key_count[0]                    ; commutator:u_commutator|key_count[4]                       ; CLK          ; CLK         ; 0.000        ; 0.237      ; 0.646      ;
; 0.326 ; commutator:u_commutator|key_count[12]                   ; commutator:u_commutator|key_count[16]                      ; CLK          ; CLK         ; 0.000        ; 0.237      ; 0.647      ;
; 0.329 ; commutator:u_commutator|key_sync                        ; commutator:u_commutator|key_stable                         ; CLK          ; CLK         ; 0.000        ; 0.037      ; 0.450      ;
; 0.332 ; commutator:u_commutator|state[1]                        ; commutator:u_commutator|state[0]                           ; CLK          ; CLK         ; 0.000        ; 0.037      ; 0.453      ;
; 0.334 ; commutator:u_commutator|key_count[6]                    ; commutator:u_commutator|key_count[8]                       ; CLK          ; CLK         ; 0.000        ; 0.237      ; 0.655      ;
; 0.366 ; commutator:u_commutator|key_count[4]                    ; commutator:u_commutator|key_count[4]                       ; CLK          ; CLK         ; 0.000        ; 0.044      ; 0.494      ;
; 0.367 ; commutator:u_commutator|key_count[11]                   ; commutator:u_commutator|key_count[11]                      ; CLK          ; CLK         ; 0.000        ; 0.036      ; 0.487      ;
; 0.367 ; commutator:u_commutator|key_count[13]                   ; commutator:u_commutator|key_count[13]                      ; CLK          ; CLK         ; 0.000        ; 0.036      ; 0.487      ;
; 0.367 ; commutator:u_commutator|key_count[19]                   ; commutator:u_commutator|key_count[19]                      ; CLK          ; CLK         ; 0.000        ; 0.036      ; 0.487      ;
; 0.372 ; commutator:u_commutator|key_count[7]                    ; commutator:u_commutator|key_count[7]                       ; CLK          ; CLK         ; 0.000        ; 0.036      ; 0.492      ;
; 0.373 ; commutator:u_commutator|key_count[5]                    ; commutator:u_commutator|key_count[5]                       ; CLK          ; CLK         ; 0.000        ; 0.036      ; 0.493      ;
; 0.374 ; commutator:u_commutator|key_count[6]                    ; commutator:u_commutator|key_count[6]                       ; CLK          ; CLK         ; 0.000        ; 0.036      ; 0.494      ;
; 0.379 ; commutator:u_commutator|key_count[3]                    ; commutator:u_commutator|key_count[8]                       ; CLK          ; CLK         ; 0.000        ; 0.237      ; 0.700      ;
; 0.381 ; commutator:u_commutator|key_count[13]                   ; commutator:u_commutator|key_count[16]                      ; CLK          ; CLK         ; 0.000        ; 0.237      ; 0.702      ;
; 0.383 ; commutator:u_commutator|key_count[7]                    ; commutator:u_commutator|key_count[9]                       ; CLK          ; CLK         ; 0.000        ; 0.237      ; 0.704      ;
; 0.386 ; commutator:u_commutator|key_count[7]                    ; commutator:u_commutator|key_count[10]                      ; CLK          ; CLK         ; 0.000        ; 0.237      ; 0.707      ;
; 0.387 ; commutator:u_commutator|key_count[5]                    ; commutator:u_commutator|key_count[8]                       ; CLK          ; CLK         ; 0.000        ; 0.237      ; 0.708      ;
; 0.392 ; commutator:u_commutator|key_count[2]                    ; commutator:u_commutator|key_count[8]                       ; CLK          ; CLK         ; 0.000        ; 0.237      ; 0.713      ;
; 0.396 ; commutator:u_commutator|seven_seg_disp:display|cnt[10]  ; commutator:u_commutator|seven_seg_disp:display|cnt[15]     ; CLK          ; CLK         ; 0.000        ; 0.236      ; 0.716      ;
; 0.397 ; commutator:u_commutator|key_count[6]                    ; commutator:u_commutator|key_count[9]                       ; CLK          ; CLK         ; 0.000        ; 0.237      ; 0.718      ;
; 0.399 ; commutator:u_commutator|seven_seg_disp:display|cnt[10]  ; commutator:u_commutator|seven_seg_disp:display|cnt[16]     ; CLK          ; CLK         ; 0.000        ; 0.236      ; 0.719      ;
; 0.400 ; commutator:u_commutator|key_count[6]                    ; commutator:u_commutator|key_count[10]                      ; CLK          ; CLK         ; 0.000        ; 0.237      ; 0.721      ;
; 0.413 ; commutator:u_commutator|dst_reg[0]                      ; commutator:u_commutator|seven_seg_disp:display|r_number[0] ; CLK          ; CLK         ; 0.000        ; 0.029      ; 0.526      ;
; 0.421 ; commutator:u_commutator|seven_seg_disp:display|cnt[10]  ; commutator:u_commutator|seven_seg_disp:display|cnt[12]     ; CLK          ; CLK         ; 0.000        ; 0.236      ; 0.741      ;
; 0.421 ; commutator:u_commutator|key_count[15]                   ; commutator:u_commutator|key_count[16]                      ; CLK          ; CLK         ; 0.000        ; 0.237      ; 0.742      ;
; 0.441 ; commutator:u_commutator|dst_reg[1]                      ; commutator:u_commutator|seven_seg_disp:display|r_number[1] ; CLK          ; CLK         ; 0.000        ; 0.029      ; 0.554      ;
; 0.442 ; commutator:u_commutator|key_count[3]                    ; commutator:u_commutator|key_count[9]                       ; CLK          ; CLK         ; 0.000        ; 0.237      ; 0.763      ;
; 0.445 ; commutator:u_commutator|key_count[9]                    ; commutator:u_commutator|key_count[10]                      ; CLK          ; CLK         ; 0.000        ; 0.044      ; 0.573      ;
; 0.445 ; commutator:u_commutator|key_count[1]                    ; commutator:u_commutator|key_count[8]                       ; CLK          ; CLK         ; 0.000        ; 0.237      ; 0.766      ;
; 0.445 ; commutator:u_commutator|key_count[3]                    ; commutator:u_commutator|key_count[10]                      ; CLK          ; CLK         ; 0.000        ; 0.237      ; 0.766      ;
; 0.446 ; commutator:u_commutator|seven_seg_disp:display|cnt[5]   ; commutator:u_commutator|seven_seg_disp:display|cnt[6]      ; CLK          ; CLK         ; 0.000        ; 0.045      ; 0.575      ;
; 0.446 ; commutator:u_commutator|seven_seg_disp:display|cnt[15]  ; commutator:u_commutator|seven_seg_disp:display|cnt[16]     ; CLK          ; CLK         ; 0.000        ; 0.044      ; 0.574      ;
; 0.447 ; commutator:u_commutator|key_count[11]                   ; commutator:u_commutator|key_count[16]                      ; CLK          ; CLK         ; 0.000        ; 0.237      ; 0.768      ;
; 0.448 ; commutator:u_commutator|key_count[1]                    ; commutator:u_commutator|key_count[2]                       ; CLK          ; CLK         ; 0.000        ; 0.036      ; 0.568      ;
; 0.448 ; commutator:u_commutator|key_count[17]                   ; commutator:u_commutator|key_count[18]                      ; CLK          ; CLK         ; 0.000        ; 0.036      ; 0.568      ;
; 0.450 ; commutator:u_commutator|seven_seg_disp:display|cnt[1]   ; commutator:u_commutator|seven_seg_disp:display|cnt[2]      ; CLK          ; CLK         ; 0.000        ; 0.045      ; 0.579      ;
; 0.450 ; commutator:u_commutator|key_count[5]                    ; commutator:u_commutator|key_count[9]                       ; CLK          ; CLK         ; 0.000        ; 0.237      ; 0.771      ;
; 0.451 ; address_bits[2]                                         ; commutator:u_commutator|seven_seg_disp:display|r_number[2] ; CLK          ; CLK         ; 0.000        ; 0.029      ; 0.564      ;
; 0.451 ; commutator:u_commutator|seven_seg_disp:display|cnt[17]  ; commutator:u_commutator|seven_seg_disp:display|cnt[17]     ; CLK          ; CLK         ; 0.000        ; 0.044      ; 0.579      ;
; 0.451 ; commutator:u_commutator|seven_seg_disp:display|cnt[18]  ; commutator:u_commutator|seven_seg_disp:display|cnt[18]     ; CLK          ; CLK         ; 0.000        ; 0.044      ; 0.579      ;
; 0.453 ; commutator:u_commutator|key_count[5]                    ; commutator:u_commutator|key_count[10]                      ; CLK          ; CLK         ; 0.000        ; 0.237      ; 0.774      ;
; 0.454 ; commutator:u_commutator|seven_seg_disp:display|cnt[4]   ; commutator:u_commutator|seven_seg_disp:display|cnt[5]      ; CLK          ; CLK         ; 0.000        ; 0.045      ; 0.583      ;
; 0.454 ; commutator:u_commutator|seven_seg_disp:display|cnt[12]  ; commutator:u_commutator|seven_seg_disp:display|cnt[12]     ; CLK          ; CLK         ; 0.000        ; 0.044      ; 0.582      ;
; 0.455 ; commutator:u_commutator|seven_seg_disp:display|cnt[9]   ; commutator:u_commutator|seven_seg_disp:display|cnt[9]      ; CLK          ; CLK         ; 0.000        ; 0.044      ; 0.583      ;
; 0.455 ; commutator:u_commutator|key_count[2]                    ; commutator:u_commutator|key_count[9]                       ; CLK          ; CLK         ; 0.000        ; 0.237      ; 0.776      ;
; 0.456 ; commutator:u_commutator|key_count[8]                    ; commutator:u_commutator|key_count[9]                       ; CLK          ; CLK         ; 0.000        ; 0.044      ; 0.584      ;
; 0.457 ; commutator:u_commutator|key_count[0]                    ; commutator:u_commutator|key_count[1]                       ; CLK          ; CLK         ; 0.000        ; 0.036      ; 0.577      ;
; 0.457 ; commutator:u_commutator|key_count[0]                    ; commutator:u_commutator|key_count[8]                       ; CLK          ; CLK         ; 0.000        ; 0.237      ; 0.778      ;
; 0.457 ; commutator:u_commutator|seven_seg_disp:display|cnt[4]   ; commutator:u_commutator|seven_seg_disp:display|cnt[6]      ; CLK          ; CLK         ; 0.000        ; 0.045      ; 0.586      ;
; 0.458 ; commutator:u_commutator|key_count[2]                    ; commutator:u_commutator|key_count[3]                       ; CLK          ; CLK         ; 0.000        ; 0.036      ; 0.578      ;
; 0.458 ; commutator:u_commutator|key_count[12]                   ; commutator:u_commutator|key_count[13]                      ; CLK          ; CLK         ; 0.000        ; 0.036      ; 0.578      ;
; 0.458 ; commutator:u_commutator|key_count[18]                   ; commutator:u_commutator|key_count[19]                      ; CLK          ; CLK         ; 0.000        ; 0.036      ; 0.578      ;
; 0.458 ; commutator:u_commutator|key_count[2]                    ; commutator:u_commutator|key_count[10]                      ; CLK          ; CLK         ; 0.000        ; 0.237      ; 0.779      ;
; 0.459 ; commutator:u_commutator|key_count[8]                    ; commutator:u_commutator|key_count[10]                      ; CLK          ; CLK         ; 0.000        ; 0.044      ; 0.587      ;
; 0.460 ; commutator:u_commutator|key_count[0]                    ; commutator:u_commutator|key_count[2]                       ; CLK          ; CLK         ; 0.000        ; 0.036      ; 0.580      ;
+-------+---------------------------------------------------------+------------------------------------------------------------+--------------+-------------+--------------+------------+------------+


+----------------------------------------------------------------------------------------------------------------------------------------------------------+
; Fast 1200mV 0C Model Recovery: 'CLK'                                                                                                                     ;
+-------+---------------+------------------------------------------------------------+--------------+-------------+--------------+------------+------------+
; Slack ; From Node     ; To Node                                                    ; Launch Clock ; Latch Clock ; Relationship ; Clock Skew ; Data Delay ;
+-------+---------------+------------------------------------------------------------+--------------+-------------+--------------+------------+------------+
; 0.123 ; reset_pipe[1] ; commutator:u_commutator|seven_seg_disp:display|r_number[0] ; CLK          ; CLK         ; 1.000        ; -0.038     ; 0.826      ;
; 0.123 ; reset_pipe[1] ; commutator:u_commutator|seven_seg_disp:display|r_number[1] ; CLK          ; CLK         ; 1.000        ; -0.038     ; 0.826      ;
; 0.123 ; reset_pipe[1] ; commutator:u_commutator|seven_seg_disp:display|r_number[2] ; CLK          ; CLK         ; 1.000        ; -0.038     ; 0.826      ;
; 0.123 ; reset_pipe[1] ; commutator:u_commutator|seven_seg_disp:display|r_number[9] ; CLK          ; CLK         ; 1.000        ; -0.038     ; 0.826      ;
; 0.123 ; reset_pipe[1] ; commutator:u_commutator|seven_seg_disp:display|r_number[8] ; CLK          ; CLK         ; 1.000        ; -0.038     ; 0.826      ;
; 0.131 ; reset_pipe[1] ; commutator:u_commutator|seven_seg_disp:display|cnt[0]      ; CLK          ; CLK         ; 1.000        ; 0.157      ; 1.013      ;
; 0.131 ; reset_pipe[1] ; commutator:u_commutator|seven_seg_disp:display|cnt[1]      ; CLK          ; CLK         ; 1.000        ; 0.157      ; 1.013      ;
; 0.131 ; reset_pipe[1] ; commutator:u_commutator|seven_seg_disp:display|cnt[3]      ; CLK          ; CLK         ; 1.000        ; 0.157      ; 1.013      ;
; 0.131 ; reset_pipe[1] ; commutator:u_commutator|seven_seg_disp:display|cnt[4]      ; CLK          ; CLK         ; 1.000        ; 0.157      ; 1.013      ;
; 0.131 ; reset_pipe[1] ; commutator:u_commutator|seven_seg_disp:display|cnt[7]      ; CLK          ; CLK         ; 1.000        ; 0.157      ; 1.013      ;
; 0.131 ; reset_pipe[1] ; commutator:u_commutator|seven_seg_disp:display|cnt[6]      ; CLK          ; CLK         ; 1.000        ; 0.157      ; 1.013      ;
; 0.131 ; reset_pipe[1] ; commutator:u_commutator|seven_seg_disp:display|cnt[5]      ; CLK          ; CLK         ; 1.000        ; 0.157      ; 1.013      ;
; 0.131 ; reset_pipe[1] ; commutator:u_commutator|seven_seg_disp:display|cnt[2]      ; CLK          ; CLK         ; 1.000        ; 0.157      ; 1.013      ;
; 0.254 ; reset_pipe[1] ; commutator:u_commutator|seven_seg_disp:display|cnt[13]     ; CLK          ; CLK         ; 1.000        ; -0.036     ; 0.697      ;
; 0.254 ; reset_pipe[1] ; commutator:u_commutator|seven_seg_disp:display|cnt[10]     ; CLK          ; CLK         ; 1.000        ; -0.036     ; 0.697      ;
; 0.300 ; reset_pipe[1] ; commutator:u_commutator|seven_seg_disp:display|index[1]    ; CLK          ; CLK         ; 1.000        ; 0.139      ; 0.826      ;
; 0.300 ; reset_pipe[1] ; commutator:u_commutator|seven_seg_disp:display|index[0]    ; CLK          ; CLK         ; 1.000        ; 0.139      ; 0.826      ;
; 0.300 ; reset_pipe[1] ; commutator:u_commutator|seven_seg_disp:display|cnt[8]      ; CLK          ; CLK         ; 1.000        ; 0.139      ; 0.826      ;
; 0.300 ; reset_pipe[1] ; commutator:u_commutator|seven_seg_disp:display|cnt[14]     ; CLK          ; CLK         ; 1.000        ; 0.139      ; 0.826      ;
; 0.446 ; reset_pipe[1] ; commutator:u_commutator|seven_seg_disp:display|cnt[9]      ; CLK          ; CLK         ; 1.000        ; 0.156      ; 0.697      ;
; 0.446 ; reset_pipe[1] ; commutator:u_commutator|seven_seg_disp:display|cnt[11]     ; CLK          ; CLK         ; 1.000        ; 0.156      ; 0.697      ;
; 0.446 ; reset_pipe[1] ; commutator:u_commutator|seven_seg_disp:display|cnt[12]     ; CLK          ; CLK         ; 1.000        ; 0.156      ; 0.697      ;
; 0.446 ; reset_pipe[1] ; commutator:u_commutator|seven_seg_disp:display|cnt[17]     ; CLK          ; CLK         ; 1.000        ; 0.156      ; 0.697      ;
; 0.446 ; reset_pipe[1] ; commutator:u_commutator|seven_seg_disp:display|cnt[18]     ; CLK          ; CLK         ; 1.000        ; 0.156      ; 0.697      ;
; 0.446 ; reset_pipe[1] ; commutator:u_commutator|seven_seg_disp:display|cnt[15]     ; CLK          ; CLK         ; 1.000        ; 0.156      ; 0.697      ;
; 0.446 ; reset_pipe[1] ; commutator:u_commutator|seven_seg_disp:display|cnt[16]     ; CLK          ; CLK         ; 1.000        ; 0.156      ; 0.697      ;
+-------+---------------+------------------------------------------------------------+--------------+-------------+--------------+------------+------------+


+----------------------------------------------------------------------------------------------------------------------------------------------------------+
; Fast 1200mV 0C Model Removal: 'CLK'                                                                                                                      ;
+-------+---------------+------------------------------------------------------------+--------------+-------------+--------------+------------+------------+
; Slack ; From Node     ; To Node                                                    ; Launch Clock ; Latch Clock ; Relationship ; Clock Skew ; Data Delay ;
+-------+---------------+------------------------------------------------------------+--------------+-------------+--------------+------------+------------+
; 0.287 ; reset_pipe[1] ; commutator:u_commutator|seven_seg_disp:display|cnt[9]      ; CLK          ; CLK         ; 0.000        ; 0.236      ; 0.607      ;
; 0.287 ; reset_pipe[1] ; commutator:u_commutator|seven_seg_disp:display|cnt[11]     ; CLK          ; CLK         ; 0.000        ; 0.236      ; 0.607      ;
; 0.287 ; reset_pipe[1] ; commutator:u_commutator|seven_seg_disp:display|cnt[12]     ; CLK          ; CLK         ; 0.000        ; 0.236      ; 0.607      ;
; 0.287 ; reset_pipe[1] ; commutator:u_commutator|seven_seg_disp:display|cnt[17]     ; CLK          ; CLK         ; 0.000        ; 0.236      ; 0.607      ;
; 0.287 ; reset_pipe[1] ; commutator:u_commutator|seven_seg_disp:display|cnt[18]     ; CLK          ; CLK         ; 0.000        ; 0.236      ; 0.607      ;
; 0.287 ; reset_pipe[1] ; commutator:u_commutator|seven_seg_disp:display|cnt[15]     ; CLK          ; CLK         ; 0.000        ; 0.236      ; 0.607      ;
; 0.287 ; reset_pipe[1] ; commutator:u_commutator|seven_seg_disp:display|cnt[16]     ; CLK          ; CLK         ; 0.000        ; 0.236      ; 0.607      ;
; 0.405 ; reset_pipe[1] ; commutator:u_commutator|seven_seg_disp:display|index[1]    ; CLK          ; CLK         ; 0.000        ; 0.218      ; 0.707      ;
; 0.405 ; reset_pipe[1] ; commutator:u_commutator|seven_seg_disp:display|index[0]    ; CLK          ; CLK         ; 0.000        ; 0.218      ; 0.707      ;
; 0.405 ; reset_pipe[1] ; commutator:u_commutator|seven_seg_disp:display|cnt[8]      ; CLK          ; CLK         ; 0.000        ; 0.218      ; 0.707      ;
; 0.405 ; reset_pipe[1] ; commutator:u_commutator|seven_seg_disp:display|cnt[14]     ; CLK          ; CLK         ; 0.000        ; 0.218      ; 0.707      ;
; 0.487 ; reset_pipe[1] ; commutator:u_commutator|seven_seg_disp:display|cnt[13]     ; CLK          ; CLK         ; 0.000        ; 0.036      ; 0.607      ;
; 0.487 ; reset_pipe[1] ; commutator:u_commutator|seven_seg_disp:display|cnt[10]     ; CLK          ; CLK         ; 0.000        ; 0.036      ; 0.607      ;
; 0.539 ; reset_pipe[1] ; commutator:u_commutator|seven_seg_disp:display|cnt[0]      ; CLK          ; CLK         ; 0.000        ; 0.238      ; 0.861      ;
; 0.539 ; reset_pipe[1] ; commutator:u_commutator|seven_seg_disp:display|cnt[1]      ; CLK          ; CLK         ; 0.000        ; 0.238      ; 0.861      ;
; 0.539 ; reset_pipe[1] ; commutator:u_commutator|seven_seg_disp:display|cnt[3]      ; CLK          ; CLK         ; 0.000        ; 0.238      ; 0.861      ;
; 0.539 ; reset_pipe[1] ; commutator:u_commutator|seven_seg_disp:display|cnt[4]      ; CLK          ; CLK         ; 0.000        ; 0.238      ; 0.861      ;
; 0.539 ; reset_pipe[1] ; commutator:u_commutator|seven_seg_disp:display|cnt[7]      ; CLK          ; CLK         ; 0.000        ; 0.238      ; 0.861      ;
; 0.539 ; reset_pipe[1] ; commutator:u_commutator|seven_seg_disp:display|cnt[6]      ; CLK          ; CLK         ; 0.000        ; 0.238      ; 0.861      ;
; 0.539 ; reset_pipe[1] ; commutator:u_commutator|seven_seg_disp:display|cnt[5]      ; CLK          ; CLK         ; 0.000        ; 0.238      ; 0.861      ;
; 0.539 ; reset_pipe[1] ; commutator:u_commutator|seven_seg_disp:display|cnt[2]      ; CLK          ; CLK         ; 0.000        ; 0.238      ; 0.861      ;
; 0.588 ; reset_pipe[1] ; commutator:u_commutator|seven_seg_disp:display|r_number[0] ; CLK          ; CLK         ; 0.000        ; 0.035      ; 0.707      ;
; 0.588 ; reset_pipe[1] ; commutator:u_commutator|seven_seg_disp:display|r_number[1] ; CLK          ; CLK         ; 0.000        ; 0.035      ; 0.707      ;
; 0.588 ; reset_pipe[1] ; commutator:u_commutator|seven_seg_disp:display|r_number[2] ; CLK          ; CLK         ; 0.000        ; 0.035      ; 0.707      ;
; 0.588 ; reset_pipe[1] ; commutator:u_commutator|seven_seg_disp:display|r_number[9] ; CLK          ; CLK         ; 0.000        ; 0.035      ; 0.707      ;
; 0.588 ; reset_pipe[1] ; commutator:u_commutator|seven_seg_disp:display|r_number[8] ; CLK          ; CLK         ; 0.000        ; 0.035      ; 0.707      ;
+-------+---------------+------------------------------------------------------------+--------------+-------------+--------------+------------+------------+


----------------------------------------------
; Fast 1200mV 0C Model Metastability Summary ;
----------------------------------------------
Design MTBF is not calculated because the design doesn't meet its timing requirements.



+--------------------------------------------------------------------------------+
; Multicorner Timing Analysis Summary                                            ;
+------------------+----------+-------+----------+---------+---------------------+
; Clock            ; Setup    ; Hold  ; Recovery ; Removal ; Minimum Pulse Width ;
+------------------+----------+-------+----------+---------+---------------------+
; Worst-case Slack ; -3.819   ; 0.180 ; -0.922   ; 0.287   ; -3.000              ;
;  CLK             ; -3.819   ; 0.180 ; -0.922   ; 0.287   ; -3.000              ;
; Design-wide TNS  ; -155.156 ; 0.0   ; -15.897  ; 0.0     ; -96.681             ;
;  CLK             ; -155.156 ; 0.000 ; -15.897  ; 0.000   ; -96.681             ;
+------------------+----------+-------+----------+---------+---------------------+


+------------------------------------------------------------------------------------------------------------------------------------------------------------------------------------------------------------------------------------------------------------------------------------------------------------------------------------------------------------------------------------------------------------------+
; Board Trace Model Assignments                                                                                                                                                                                                                                                                                                                                                                                    ;
+---------------+--------------+-------------------+-------------------------+-------------------------+---------------+---------------------+----------------+------------------+--------+------------------+------------------------+------------------------+--------------+---------------+-----------------+-------+---------------------+--------------------+---------------+-----------------+-------------+
; Pin           ; I/O Standard ; Near Tline Length ; Near Tline L per Length ; Near Tline C per Length ; Near Series R ; Near Differential R ; Near Pull-up R ; Near Pull-down R ; Near C ; Far Tline Length ; Far Tline L per Length ; Far Tline C per Length ; Far Series R ; Far Pull-up R ; Far Pull-down R ; Far C ; Termination Voltage ; Far Differential R ; EBD File Name ; EBD Signal Name ; EBD Far-end ;
+---------------+--------------+-------------------+-------------------------+-------------------------+---------------+---------------------+----------------+------------------+--------+------------------+------------------------+------------------------+--------------+---------------+-----------------+-------+---------------------+--------------------+---------------+-----------------+-------------+
; DATA_OUT      ; 2.5 V        ; 0 in              ; 0 H/in                  ; 0 F/in                  ; short         ; -                   ; open           ; open             ; open   ; 0 in             ; 0 H/in                 ; 0 F/in                 ; short        ; open          ; open            ; open  ; 0 V                 ; -                  ; n/a           ; n/a             ; n/a         ;
; DATA_IN       ; 2.5 V        ; 0 in              ; 0 H/in                  ; 0 F/in                  ; short         ; -                   ; open           ; open             ; open   ; 0 in             ; 0 H/in                 ; 0 F/in                 ; short        ; open          ; open            ; open  ; 0 V                 ; -                  ; n/a           ; n/a             ; n/a         ;
; LED[0]        ; 2.5 V        ; 0 in              ; 0 H/in                  ; 0 F/in                  ; short         ; -                   ; open           ; open             ; open   ; 0 in             ; 0 H/in                 ; 0 F/in                 ; short        ; open          ; open            ; open  ; 0 V                 ; -                  ; n/a           ; n/a             ; n/a         ;
; LED[1]        ; 2.5 V        ; 0 in              ; 0 H/in                  ; 0 F/in                  ; short         ; -                   ; open           ; open             ; open   ; 0 in             ; 0 H/in                 ; 0 F/in                 ; short        ; open          ; open            ; open  ; 0 V                 ; -                  ; n/a           ; n/a             ; n/a         ;
; LED[2]        ; 2.5 V        ; 0 in              ; 0 H/in                  ; 0 F/in                  ; short         ; -                   ; open           ; open             ; open   ; 0 in             ; 0 H/in                 ; 0 F/in                 ; short        ; open          ; open            ; open  ; 0 V                 ; -                  ; n/a           ; n/a             ; n/a         ;
; LED[3]        ; 2.5 V        ; 0 in              ; 0 H/in                  ; 0 F/in                  ; short         ; -                   ; open           ; open             ; open   ; 0 in             ; 0 H/in                 ; 0 F/in                 ; short        ; open          ; open            ; open  ; 0 V                 ; -                  ; n/a           ; n/a             ; n/a         ;
; SEG[0]        ; 2.5 V        ; 0 in              ; 0 H/in                  ; 0 F/in                  ; short         ; -                   ; open           ; open             ; open   ; 0 in             ; 0 H/in                 ; 0 F/in                 ; short        ; open          ; open            ; open  ; 0 V                 ; -                  ; n/a           ; n/a             ; n/a         ;
; SEG[1]        ; 2.5 V        ; 0 in              ; 0 H/in                  ; 0 F/in                  ; short         ; -                   ; open           ; open             ; open   ; 0 in             ; 0 H/in                 ; 0 F/in                 ; short        ; open          ; open            ; open  ; 0 V                 ; -                  ; n/a           ; n/a             ; n/a         ;
; SEG[2]        ; 2.5 V        ; 0 in              ; 0 H/in                  ; 0 F/in                  ; short         ; -                   ; open           ; open             ; open   ; 0 in             ; 0 H/in                 ; 0 F/in                 ; short        ; open          ; open            ; open  ; 0 V                 ; -                  ; n/a           ; n/a             ; n/a         ;
; SEG[3]        ; 2.5 V        ; 0 in              ; 0 H/in                  ; 0 F/in                  ; short         ; -                   ; open           ; open             ; open   ; 0 in             ; 0 H/in                 ; 0 F/in                 ; short        ; open          ; open            ; open  ; 0 V                 ; -                  ; n/a           ; n/a             ; n/a         ;
; SEG[4]        ; 2.5 V        ; 0 in              ; 0 H/in                  ; 0 F/in                  ; short         ; -                   ; open           ; open             ; open   ; 0 in             ; 0 H/in                 ; 0 F/in                 ; short        ; open          ; open            ; open  ; 0 V                 ; -                  ; n/a           ; n/a             ; n/a         ;
; SEG[5]        ; 2.5 V        ; 0 in              ; 0 H/in                  ; 0 F/in                  ; short         ; -                   ; open           ; open             ; open   ; 0 in             ; 0 H/in                 ; 0 F/in                 ; short        ; open          ; open            ; open  ; 0 V                 ; -                  ; n/a           ; n/a             ; n/a         ;
; SEG[6]        ; 2.5 V        ; 0 in              ; 0 H/in                  ; 0 F/in                  ; short         ; -                   ; open           ; open             ; open   ; 0 in             ; 0 H/in                 ; 0 F/in                 ; short        ; open          ; open            ; open  ; 0 V                 ; -                  ; n/a           ; n/a             ; n/a         ;
; SEG[7]        ; 2.5 V        ; 0 in              ; 0 H/in                  ; 0 F/in                  ; short         ; -                   ; open           ; open             ; open   ; 0 in             ; 0 H/in                 ; 0 F/in                 ; short        ; open          ; open            ; open  ; 0 V                 ; -                  ; n/a           ; n/a             ; n/a         ;
; DIG[0]        ; 2.5 V        ; 0 in              ; 0 H/in                  ; 0 F/in                  ; short         ; -                   ; open           ; open             ; open   ; 0 in             ; 0 H/in                 ; 0 F/in                 ; short        ; open          ; open            ; open  ; 0 V                 ; -                  ; n/a           ; n/a             ; n/a         ;
; DIG[1]        ; 2.5 V        ; 0 in              ; 0 H/in                  ; 0 F/in                  ; short         ; -                   ; open           ; open             ; open   ; 0 in             ; 0 H/in                 ; 0 F/in                 ; short        ; open          ; open            ; open  ; 0 V                 ; -                  ; n/a           ; n/a             ; n/a         ;
; DIG[2]        ; 2.5 V        ; 0 in              ; 0 H/in                  ; 0 F/in                  ; short         ; -                   ; open           ; open             ; open   ; 0 in             ; 0 H/in                 ; 0 F/in                 ; short        ; open          ; open            ; open  ; 0 V                 ; -                  ; n/a           ; n/a             ; n/a         ;
; DIG[3]        ; 2.5 V        ; 0 in              ; 0 H/in                  ; 0 F/in                  ; short         ; -                   ; open           ; open             ; open   ; 0 in             ; 0 H/in                 ; 0 F/in                 ; short        ; open          ; open            ; open  ; 0 V                 ; -                  ; n/a           ; n/a             ; n/a         ;
; ~ALTERA_DCLK~ ; 2.5 V        ; 0 in              ; 0 H/in                  ; 0 F/in                  ; short         ; -                   ; open           ; open             ; open   ; 0 in             ; 0 H/in                 ; 0 F/in                 ; short        ; open          ; open            ; open  ; 0 V                 ; -                  ; n/a           ; n/a             ; n/a         ;
; ~ALTERA_nCEO~ ; 2.5 V        ; 0 in              ; 0 H/in                  ; 0 F/in                  ; short         ; -                   ; open           ; open             ; open   ; 0 in             ; 0 H/in                 ; 0 F/in                 ; short        ; open          ; open            ; open  ; 0 V                 ; -                  ; n/a           ; n/a             ; n/a         ;
+---------------+--------------+-------------------+-------------------------+-------------------------+---------------+---------------------+----------------+------------------+--------+------------------+------------------------+------------------------+--------------+---------------+-----------------+-------+---------------------+--------------------+---------------+-----------------+-------------+


+----------------------------------------------------------------------------+
; Input Transition Times                                                     ;
+-------------------------+--------------+-----------------+-----------------+
; Pin                     ; I/O Standard ; 10-90 Rise Time ; 90-10 Fall Time ;
+-------------------------+--------------+-----------------+-----------------+
; CLK                     ; 2.5 V        ; 2000 ps         ; 2000 ps         ;
; RESET                   ; 2.5 V        ; 2000 ps         ; 2000 ps         ;
; KEY_SW[1]               ; 2.5 V        ; 2000 ps         ; 2000 ps         ;
; KEY_SW[2]               ; 2.5 V        ; 2000 ps         ; 2000 ps         ;
; KEY_SW[3]               ; 2.5 V        ; 2000 ps         ; 2000 ps         ;
; KEY_SW[0]               ; 2.5 V        ; 2000 ps         ; 2000 ps         ;
; ~ALTERA_ASDO_DATA1~     ; 2.5 V        ; 2000 ps         ; 2000 ps         ;
; ~ALTERA_FLASH_nCE_nCSO~ ; 2.5 V        ; 2000 ps         ; 2000 ps         ;
; ~ALTERA_DATA0~          ; 2.5 V        ; 2000 ps         ; 2000 ps         ;
+-------------------------+--------------+-----------------+-----------------+


+--------------------------------------------------------------------------------------------------------------------------------------------------------------------------------------------------------------------------------------------------------------------------------------------------------------------------------------------------------------------------------------------------------------------------------------------------------------------------------------------------------------------------------------------------------------------------------------------------------------------------------------------------------------------------------------------+
; Signal Integrity Metrics (Slow 1200mv 0c Model)                                                                                                                                                                                                                                                                                                                                                                                                                                                                                                                                                                                                                                            ;
+---------------+--------------+---------------------+---------------------+------------------------------+------------------------------+---------------------+---------------------+--------------------------------------+--------------------------------------+-----------------------------+-----------------------------+----------------------------+----------------------------+-----------------------------+-----------------------------+--------------------+--------------------+-------------------------------------+-------------------------------------+----------------------------+----------------------------+---------------------------+---------------------------+
; Pin           ; I/O Standard ; Board Delay on Rise ; Board Delay on Fall ; Steady State Voh at FPGA Pin ; Steady State Vol at FPGA Pin ; Voh Max at FPGA Pin ; Vol Min at FPGA Pin ; Ringback Voltage on Rise at FPGA Pin ; Ringback Voltage on Fall at FPGA Pin ; 10-90 Rise Time at FPGA Pin ; 90-10 Fall Time at FPGA Pin ; Monotonic Rise at FPGA Pin ; Monotonic Fall at FPGA Pin ; Steady State Voh at Far-end ; Steady State Vol at Far-end ; Voh Max at Far-end ; Vol Min at Far-end ; Ringback Voltage on Rise at Far-end ; Ringback Voltage on Fall at Far-end ; 10-90 Rise Time at Far-end ; 90-10 Fall Time at Far-end ; Monotonic Rise at Far-end ; Monotonic Fall at Far-end ;
+---------------+--------------+---------------------+---------------------+------------------------------+------------------------------+---------------------+---------------------+--------------------------------------+--------------------------------------+-----------------------------+-----------------------------+----------------------------+----------------------------+-----------------------------+-----------------------------+--------------------+--------------------+-------------------------------------+-------------------------------------+----------------------------+----------------------------+---------------------------+---------------------------+
; DATA_OUT      ; 2.5 V        ; 0 s                 ; 0 s                 ; 2.32 V                       ; 2.07e-09 V                   ; 2.38 V              ; -0.0073 V           ; 0.097 V                              ; 0.018 V                              ; 4.24e-10 s                  ; 3.65e-10 s                  ; No                         ; Yes                        ; 2.32 V                      ; 2.07e-09 V                  ; 2.38 V             ; -0.0073 V          ; 0.097 V                             ; 0.018 V                             ; 4.24e-10 s                 ; 3.65e-10 s                 ; No                        ; Yes                       ;
; DATA_IN       ; 2.5 V        ; 0 s                 ; 0 s                 ; 2.32 V                       ; 2.8e-09 V                    ; 2.37 V              ; -0.00373 V          ; 0.104 V                              ; 0.011 V                              ; 4.34e-10 s                  ; 3.82e-10 s                  ; Yes                        ; Yes                        ; 2.32 V                      ; 2.8e-09 V                   ; 2.37 V             ; -0.00373 V         ; 0.104 V                             ; 0.011 V                             ; 4.34e-10 s                 ; 3.82e-10 s                 ; Yes                       ; Yes                       ;
; LED[0]        ; 2.5 V        ; 0 s                 ; 0 s                 ; 2.32 V                       ; 2.8e-09 V                    ; 2.37 V              ; -0.00373 V          ; 0.104 V                              ; 0.011 V                              ; 4.34e-10 s                  ; 3.82e-10 s                  ; Yes                        ; Yes                        ; 2.32 V                      ; 2.8e-09 V                   ; 2.37 V             ; -0.00373 V         ; 0.104 V                             ; 0.011 V                             ; 4.34e-10 s                 ; 3.82e-10 s                 ; Yes                       ; Yes                       ;
; LED[1]        ; 2.5 V        ; 0 s                 ; 0 s                 ; 2.32 V                       ; 2.8e-09 V                    ; 2.37 V              ; -0.00373 V          ; 0.104 V                              ; 0.011 V                              ; 4.34e-10 s                  ; 3.82e-10 s                  ; Yes                        ; Yes                        ; 2.32 V                      ; 2.8e-09 V                   ; 2.37 V             ; -0.00373 V         ; 0.104 V                             ; 0.011 V                             ; 4.34e-10 s                 ; 3.82e-10 s                 ; Yes                       ; Yes                       ;
; LED[2]        ; 2.5 V        ; 0 s                 ; 0 s                 ; 2.32 V                       ; 2.8e-09 V                    ; 2.37 V              ; -0.00373 V          ; 0.104 V                              ; 0.011 V                              ; 4.34e-10 s                  ; 3.82e-10 s                  ; Yes                        ; Yes                        ; 2.32 V                      ; 2.8e-09 V                   ; 2.37 V             ; -0.00373 V         ; 0.104 V                             ; 0.011 V                             ; 4.34e-10 s                 ; 3.82e-10 s                 ; Yes                       ; Yes                       ;
; LED[3]        ; 2.5 V        ; 0 s                 ; 0 s                 ; 2.32 V                       ; 2.8e-09 V                    ; 2.37 V              ; -0.00373 V          ; 0.104 V                              ; 0.011 V                              ; 4.34e-10 s                  ; 3.82e-10 s                  ; Yes                        ; Yes                        ; 2.32 V                      ; 2.8e-09 V                   ; 2.37 V             ; -0.00373 V         ; 0.104 V                             ; 0.011 V                             ; 4.34e-10 s                 ; 3.82e-10 s                 ; Yes                       ; Yes                       ;
; SEG[0]        ; 2.5 V        ; 0 s                 ; 0 s                 ; 2.32 V                       ; 2.8e-09 V                    ; 2.37 V              ; -0.00373 V          ; 0.104 V                              ; 0.011 V                              ; 4.34e-10 s                  ; 3.82e-10 s                  ; Yes                        ; Yes                        ; 2.32 V                      ; 2.8e-09 V                   ; 2.37 V             ; -0.00373 V         ; 0.104 V                             ; 0.011 V                             ; 4.34e-10 s                 ; 3.82e-10 s                 ; Yes                       ; Yes                       ;
; SEG[1]        ; 2.5 V        ; 0 s                 ; 0 s                 ; 2.32 V                       ; 2.07e-09 V                   ; 2.36 V              ; -0.00737 V          ; 0.209 V                              ; 0.012 V                              ; 5.22e-10 s                  ; 5.33e-10 s                  ; Yes                        ; Yes                        ; 2.32 V                      ; 2.07e-09 V                  ; 2.36 V             ; -0.00737 V         ; 0.209 V                             ; 0.012 V                             ; 5.22e-10 s                 ; 5.33e-10 s                 ; Yes                       ; Yes                       ;
; SEG[2]        ; 2.5 V        ; 0 s                 ; 0 s                 ; 2.32 V                       ; 2.07e-09 V                   ; 2.38 V              ; -0.0073 V           ; 0.097 V                              ; 0.018 V                              ; 4.24e-10 s                  ; 3.65e-10 s                  ; No                         ; Yes                        ; 2.32 V                      ; 2.07e-09 V                  ; 2.38 V             ; -0.0073 V          ; 0.097 V                             ; 0.018 V                             ; 4.24e-10 s                 ; 3.65e-10 s                 ; No                        ; Yes                       ;
; SEG[3]        ; 2.5 V        ; 0 s                 ; 0 s                 ; 2.32 V                       ; 2.07e-09 V                   ; 2.36 V              ; -0.00737 V          ; 0.209 V                              ; 0.012 V                              ; 5.22e-10 s                  ; 5.33e-10 s                  ; Yes                        ; Yes                        ; 2.32 V                      ; 2.07e-09 V                  ; 2.36 V             ; -0.00737 V         ; 0.209 V                             ; 0.012 V                             ; 5.22e-10 s                 ; 5.33e-10 s                 ; Yes                       ; Yes                       ;
; SEG[4]        ; 2.5 V        ; 0 s                 ; 0 s                 ; 2.32 V                       ; 2.07e-09 V                   ; 2.36 V              ; -0.00737 V          ; 0.209 V                              ; 0.012 V                              ; 5.22e-10 s                  ; 5.33e-10 s                  ; Yes                        ; Yes                        ; 2.32 V                      ; 2.07e-09 V                  ; 2.36 V             ; -0.00737 V         ; 0.209 V                             ; 0.012 V                             ; 5.22e-10 s                 ; 5.33e-10 s                 ; Yes                       ; Yes                       ;
; SEG[5]        ; 2.5 V        ; 0 s                 ; 0 s                 ; 2.32 V                       ; 2.07e-09 V                   ; 2.38 V              ; -0.0073 V           ; 0.097 V                              ; 0.018 V                              ; 4.24e-10 s                  ; 3.65e-10 s                  ; No                         ; Yes                        ; 2.32 V                      ; 2.07e-09 V                  ; 2.38 V             ; -0.0073 V          ; 0.097 V                             ; 0.018 V                             ; 4.24e-10 s                 ; 3.65e-10 s                 ; No                        ; Yes                       ;
; SEG[6]        ; 2.5 V        ; 0 s                 ; 0 s                 ; 2.32 V                       ; 2.07e-09 V                   ; 2.36 V              ; -0.00737 V          ; 0.209 V                              ; 0.012 V                              ; 5.22e-10 s                  ; 5.33e-10 s                  ; Yes                        ; Yes                        ; 2.32 V                      ; 2.07e-09 V                  ; 2.36 V             ; -0.00737 V         ; 0.209 V                             ; 0.012 V                             ; 5.22e-10 s                 ; 5.33e-10 s                 ; Yes                       ; Yes                       ;
; SEG[7]        ; 2.5 V        ; 0 s                 ; 0 s                 ; 2.32 V                       ; 2.07e-09 V                   ; 2.38 V              ; -0.0073 V           ; 0.097 V                              ; 0.018 V                              ; 4.24e-10 s                  ; 3.65e-10 s                  ; No                         ; Yes                        ; 2.32 V                      ; 2.07e-09 V                  ; 2.38 V             ; -0.0073 V          ; 0.097 V                             ; 0.018 V                             ; 4.24e-10 s                 ; 3.65e-10 s                 ; No                        ; Yes                       ;
; DIG[0]        ; 2.5 V        ; 0 s                 ; 0 s                 ; 2.32 V                       ; 2.07e-09 V                   ; 2.33 V              ; -0.00421 V          ; 0.165 V                              ; 0.078 V                              ; 3.11e-09 s                  ; 2.85e-09 s                  ; Yes                        ; Yes                        ; 2.32 V                      ; 2.07e-09 V                  ; 2.33 V             ; -0.00421 V         ; 0.165 V                             ; 0.078 V                             ; 3.11e-09 s                 ; 2.85e-09 s                 ; Yes                       ; Yes                       ;
; DIG[1]        ; 2.5 V        ; 0 s                 ; 0 s                 ; 2.32 V                       ; 2.07e-09 V                   ; 2.36 V              ; -0.00737 V          ; 0.209 V                              ; 0.012 V                              ; 5.22e-10 s                  ; 5.33e-10 s                  ; Yes                        ; Yes                        ; 2.32 V                      ; 2.07e-09 V                  ; 2.36 V             ; -0.00737 V         ; 0.209 V                             ; 0.012 V                             ; 5.22e-10 s                 ; 5.33e-10 s                 ; Yes                       ; Yes                       ;
; DIG[2]        ; 2.5 V        ; 0 s                 ; 0 s                 ; 2.32 V                       ; 2.07e-09 V                   ; 2.38 V              ; -0.0073 V           ; 0.097 V                              ; 0.018 V                              ; 4.24e-10 s                  ; 3.65e-10 s                  ; No                         ; Yes                        ; 2.32 V                      ; 2.07e-09 V                  ; 2.38 V             ; -0.0073 V          ; 0.097 V                             ; 0.018 V                             ; 4.24e-10 s                 ; 3.65e-10 s                 ; No                        ; Yes                       ;
; DIG[3]        ; 2.5 V        ; 0 s                 ; 0 s                 ; 2.32 V                       ; 2.07e-09 V                   ; 2.38 V              ; -0.0073 V           ; 0.097 V                              ; 0.018 V                              ; 4.24e-10 s                  ; 3.65e-10 s                  ; No                         ; Yes                        ; 2.32 V                      ; 2.07e-09 V                  ; 2.38 V             ; -0.0073 V          ; 0.097 V                             ; 0.018 V                             ; 4.24e-10 s                 ; 3.65e-10 s                 ; No                        ; Yes                       ;
; ~ALTERA_DCLK~ ; 2.5 V        ; 0 s                 ; 0 s                 ; 2.32 V                       ; 1.74e-09 V                   ; 2.37 V              ; -0.0346 V           ; 0.198 V                              ; 0.094 V                              ; 3.14e-10 s                  ; 2.92e-10 s                  ; Yes                        ; Yes                        ; 2.32 V                      ; 1.74e-09 V                  ; 2.37 V             ; -0.0346 V          ; 0.198 V                             ; 0.094 V                             ; 3.14e-10 s                 ; 2.92e-10 s                 ; Yes                       ; Yes                       ;
; ~ALTERA_nCEO~ ; 2.5 V        ; 0 s                 ; 0 s                 ; 2.32 V                       ; 2.57e-09 V                   ; 2.37 V              ; -0.00683 V          ; 0.171 V                              ; 0.018 V                              ; 4.97e-10 s                  ; 6.66e-10 s                  ; Yes                        ; Yes                        ; 2.32 V                      ; 2.57e-09 V                  ; 2.37 V             ; -0.00683 V         ; 0.171 V                             ; 0.018 V                             ; 4.97e-10 s                 ; 6.66e-10 s                 ; Yes                       ; Yes                       ;
+---------------+--------------+---------------------+---------------------+------------------------------+------------------------------+---------------------+---------------------+--------------------------------------+--------------------------------------+-----------------------------+-----------------------------+----------------------------+----------------------------+-----------------------------+-----------------------------+--------------------+--------------------+-------------------------------------+-------------------------------------+----------------------------+----------------------------+---------------------------+---------------------------+


+--------------------------------------------------------------------------------------------------------------------------------------------------------------------------------------------------------------------------------------------------------------------------------------------------------------------------------------------------------------------------------------------------------------------------------------------------------------------------------------------------------------------------------------------------------------------------------------------------------------------------------------------------------------------------------------------+
; Signal Integrity Metrics (Slow 1200mv 85c Model)                                                                                                                                                                                                                                                                                                                                                                                                                                                                                                                                                                                                                                           ;
+---------------+--------------+---------------------+---------------------+------------------------------+------------------------------+---------------------+---------------------+--------------------------------------+--------------------------------------+-----------------------------+-----------------------------+----------------------------+----------------------------+-----------------------------+-----------------------------+--------------------+--------------------+-------------------------------------+-------------------------------------+----------------------------+----------------------------+---------------------------+---------------------------+
; Pin           ; I/O Standard ; Board Delay on Rise ; Board Delay on Fall ; Steady State Voh at FPGA Pin ; Steady State Vol at FPGA Pin ; Voh Max at FPGA Pin ; Vol Min at FPGA Pin ; Ringback Voltage on Rise at FPGA Pin ; Ringback Voltage on Fall at FPGA Pin ; 10-90 Rise Time at FPGA Pin ; 90-10 Fall Time at FPGA Pin ; Monotonic Rise at FPGA Pin ; Monotonic Fall at FPGA Pin ; Steady State Voh at Far-end ; Steady State Vol at Far-end ; Voh Max at Far-end ; Vol Min at Far-end ; Ringback Voltage on Rise at Far-end ; Ringback Voltage on Fall at Far-end ; 10-90 Rise Time at Far-end ; 90-10 Fall Time at Far-end ; Monotonic Rise at Far-end ; Monotonic Fall at Far-end ;
+---------------+--------------+---------------------+---------------------+------------------------------+------------------------------+---------------------+---------------------+--------------------------------------+--------------------------------------+-----------------------------+-----------------------------+----------------------------+----------------------------+-----------------------------+-----------------------------+--------------------+--------------------+-------------------------------------+-------------------------------------+----------------------------+----------------------------+---------------------------+---------------------------+
; DATA_OUT      ; 2.5 V        ; 0 s                 ; 0 s                 ; 2.32 V                       ; 1.93e-07 V                   ; 2.35 V              ; -0.00834 V          ; 0.127 V                              ; 0.035 V                              ; 4.7e-10 s                   ; 4.64e-10 s                  ; Yes                        ; Yes                        ; 2.32 V                      ; 1.93e-07 V                  ; 2.35 V             ; -0.00834 V         ; 0.127 V                             ; 0.035 V                             ; 4.7e-10 s                  ; 4.64e-10 s                 ; Yes                       ; Yes                       ;
; DATA_IN       ; 2.5 V        ; 0 s                 ; 0 s                 ; 2.32 V                       ; 2.85e-07 V                   ; 2.35 V              ; -0.0123 V           ; 0.144 V                              ; 0.042 V                              ; 4.81e-10 s                  ; 4.81e-10 s                  ; Yes                        ; Yes                        ; 2.32 V                      ; 2.85e-07 V                  ; 2.35 V             ; -0.0123 V          ; 0.144 V                             ; 0.042 V                             ; 4.81e-10 s                 ; 4.81e-10 s                 ; Yes                       ; Yes                       ;
; LED[0]        ; 2.5 V        ; 0 s                 ; 0 s                 ; 2.32 V                       ; 2.85e-07 V                   ; 2.35 V              ; -0.0123 V           ; 0.144 V                              ; 0.042 V                              ; 4.81e-10 s                  ; 4.81e-10 s                  ; Yes                        ; Yes                        ; 2.32 V                      ; 2.85e-07 V                  ; 2.35 V             ; -0.0123 V          ; 0.144 V                             ; 0.042 V                             ; 4.81e-10 s                 ; 4.81e-10 s                 ; Yes                       ; Yes                       ;
; LED[1]        ; 2.5 V        ; 0 s                 ; 0 s                 ; 2.32 V                       ; 2.85e-07 V                   ; 2.35 V              ; -0.0123 V           ; 0.144 V                              ; 0.042 V                              ; 4.81e-10 s                  ; 4.81e-10 s                  ; Yes                        ; Yes                        ; 2.32 V                      ; 2.85e-07 V                  ; 2.35 V             ; -0.0123 V          ; 0.144 V                             ; 0.042 V                             ; 4.81e-10 s                 ; 4.81e-10 s                 ; Yes                       ; Yes                       ;
; LED[2]        ; 2.5 V        ; 0 s                 ; 0 s                 ; 2.32 V                       ; 2.85e-07 V                   ; 2.35 V              ; -0.0123 V           ; 0.144 V                              ; 0.042 V                              ; 4.81e-10 s                  ; 4.81e-10 s                  ; Yes                        ; Yes                        ; 2.32 V                      ; 2.85e-07 V                  ; 2.35 V             ; -0.0123 V          ; 0.144 V                             ; 0.042 V                             ; 4.81e-10 s                 ; 4.81e-10 s                 ; Yes                       ; Yes                       ;
; LED[3]        ; 2.5 V        ; 0 s                 ; 0 s                 ; 2.32 V                       ; 2.85e-07 V                   ; 2.35 V              ; -0.0123 V           ; 0.144 V                              ; 0.042 V                              ; 4.81e-10 s                  ; 4.81e-10 s                  ; Yes                        ; Yes                        ; 2.32 V                      ; 2.85e-07 V                  ; 2.35 V             ; -0.0123 V          ; 0.144 V                             ; 0.042 V                             ; 4.81e-10 s                 ; 4.81e-10 s                 ; Yes                       ; Yes                       ;
; SEG[0]        ; 2.5 V        ; 0 s                 ; 0 s                 ; 2.32 V                       ; 2.85e-07 V                   ; 2.35 V              ; -0.0123 V           ; 0.144 V                              ; 0.042 V                              ; 4.81e-10 s                  ; 4.81e-10 s                  ; Yes                        ; Yes                        ; 2.32 V                      ; 2.85e-07 V                  ; 2.35 V             ; -0.0123 V          ; 0.144 V                             ; 0.042 V                             ; 4.81e-10 s                 ; 4.81e-10 s                 ; Yes                       ; Yes                       ;
; SEG[1]        ; 2.5 V        ; 0 s                 ; 0 s                 ; 2.32 V                       ; 1.93e-07 V                   ; 2.34 V              ; -0.00869 V          ; 0.14 V                               ; 0.046 V                              ; 6.89e-10 s                  ; 6.56e-10 s                  ; Yes                        ; Yes                        ; 2.32 V                      ; 1.93e-07 V                  ; 2.34 V             ; -0.00869 V         ; 0.14 V                              ; 0.046 V                             ; 6.89e-10 s                 ; 6.56e-10 s                 ; Yes                       ; Yes                       ;
; SEG[2]        ; 2.5 V        ; 0 s                 ; 0 s                 ; 2.32 V                       ; 1.93e-07 V                   ; 2.35 V              ; -0.00834 V          ; 0.127 V                              ; 0.035 V                              ; 4.7e-10 s                   ; 4.64e-10 s                  ; Yes                        ; Yes                        ; 2.32 V                      ; 1.93e-07 V                  ; 2.35 V             ; -0.00834 V         ; 0.127 V                             ; 0.035 V                             ; 4.7e-10 s                  ; 4.64e-10 s                 ; Yes                       ; Yes                       ;
; SEG[3]        ; 2.5 V        ; 0 s                 ; 0 s                 ; 2.32 V                       ; 1.93e-07 V                   ; 2.34 V              ; -0.00869 V          ; 0.14 V                               ; 0.046 V                              ; 6.89e-10 s                  ; 6.56e-10 s                  ; Yes                        ; Yes                        ; 2.32 V                      ; 1.93e-07 V                  ; 2.34 V             ; -0.00869 V         ; 0.14 V                              ; 0.046 V                             ; 6.89e-10 s                 ; 6.56e-10 s                 ; Yes                       ; Yes                       ;
; SEG[4]        ; 2.5 V        ; 0 s                 ; 0 s                 ; 2.32 V                       ; 1.93e-07 V                   ; 2.34 V              ; -0.00869 V          ; 0.14 V                               ; 0.046 V                              ; 6.89e-10 s                  ; 6.56e-10 s                  ; Yes                        ; Yes                        ; 2.32 V                      ; 1.93e-07 V                  ; 2.34 V             ; -0.00869 V         ; 0.14 V                              ; 0.046 V                             ; 6.89e-10 s                 ; 6.56e-10 s                 ; Yes                       ; Yes                       ;
; SEG[5]        ; 2.5 V        ; 0 s                 ; 0 s                 ; 2.32 V                       ; 1.93e-07 V                   ; 2.35 V              ; -0.00834 V          ; 0.127 V                              ; 0.035 V                              ; 4.7e-10 s                   ; 4.64e-10 s                  ; Yes                        ; Yes                        ; 2.32 V                      ; 1.93e-07 V                  ; 2.35 V             ; -0.00834 V         ; 0.127 V                             ; 0.035 V                             ; 4.7e-10 s                  ; 4.64e-10 s                 ; Yes                       ; Yes                       ;
; SEG[6]        ; 2.5 V        ; 0 s                 ; 0 s                 ; 2.32 V                       ; 1.93e-07 V                   ; 2.34 V              ; -0.00869 V          ; 0.14 V                               ; 0.046 V                              ; 6.89e-10 s                  ; 6.56e-10 s                  ; Yes                        ; Yes                        ; 2.32 V                      ; 1.93e-07 V                  ; 2.34 V             ; -0.00869 V         ; 0.14 V                              ; 0.046 V                             ; 6.89e-10 s                 ; 6.56e-10 s                 ; Yes                       ; Yes                       ;
; SEG[7]        ; 2.5 V        ; 0 s                 ; 0 s                 ; 2.32 V                       ; 1.93e-07 V                   ; 2.35 V              ; -0.00834 V          ; 0.127 V                              ; 0.035 V                              ; 4.7e-10 s                   ; 4.64e-10 s                  ; Yes                        ; Yes                        ; 2.32 V                      ; 1.93e-07 V                  ; 2.35 V             ; -0.00834 V         ; 0.127 V                             ; 0.035 V                             ; 4.7e-10 s                  ; 4.64e-10 s                 ; Yes                       ; Yes                       ;
; DIG[0]        ; 2.5 V        ; 0 s                 ; 0 s                 ; 2.32 V                       ; 1.93e-07 V                   ; 2.33 V              ; -0.0022 V           ; 0.088 V                              ; 0.056 V                              ; 3.76e-09 s                  ; 3.48e-09 s                  ; Yes                        ; Yes                        ; 2.32 V                      ; 1.93e-07 V                  ; 2.33 V             ; -0.0022 V          ; 0.088 V                             ; 0.056 V                             ; 3.76e-09 s                 ; 3.48e-09 s                 ; Yes                       ; Yes                       ;
; DIG[1]        ; 2.5 V        ; 0 s                 ; 0 s                 ; 2.32 V                       ; 1.93e-07 V                   ; 2.34 V              ; -0.00869 V          ; 0.14 V                               ; 0.046 V                              ; 6.89e-10 s                  ; 6.56e-10 s                  ; Yes                        ; Yes                        ; 2.32 V                      ; 1.93e-07 V                  ; 2.34 V             ; -0.00869 V         ; 0.14 V                              ; 0.046 V                             ; 6.89e-10 s                 ; 6.56e-10 s                 ; Yes                       ; Yes                       ;
; DIG[2]        ; 2.5 V        ; 0 s                 ; 0 s                 ; 2.32 V                       ; 1.93e-07 V                   ; 2.35 V              ; -0.00834 V          ; 0.127 V                              ; 0.035 V                              ; 4.7e-10 s                   ; 4.64e-10 s                  ; Yes                        ; Yes                        ; 2.32 V                      ; 1.93e-07 V                  ; 2.35 V             ; -0.00834 V         ; 0.127 V                             ; 0.035 V                             ; 4.7e-10 s                  ; 4.64e-10 s                 ; Yes                       ; Yes                       ;
; DIG[3]        ; 2.5 V        ; 0 s                 ; 0 s                 ; 2.32 V                       ; 1.93e-07 V                   ; 2.35 V              ; -0.00834 V          ; 0.127 V                              ; 0.035 V                              ; 4.7e-10 s                   ; 4.64e-10 s                  ; Yes                        ; Yes                        ; 2.32 V                      ; 1.93e-07 V                  ; 2.35 V             ; -0.00834 V         ; 0.127 V                             ; 0.035 V                             ; 4.7e-10 s                  ; 4.64e-10 s                 ; Yes                       ; Yes                       ;
; ~ALTERA_DCLK~ ; 2.5 V        ; 0 s                 ; 0 s                 ; 2.32 V                       ; 1.55e-07 V                   ; 2.35 V              ; -0.00221 V          ; 0.097 V                              ; 0.005 V                              ; 4.49e-10 s                  ; 3.85e-10 s                  ; Yes                        ; Yes                        ; 2.32 V                      ; 1.55e-07 V                  ; 2.35 V             ; -0.00221 V         ; 0.097 V                             ; 0.005 V                             ; 4.49e-10 s                 ; 3.85e-10 s                 ; Yes                       ; Yes                       ;
; ~ALTERA_nCEO~ ; 2.5 V        ; 0 s                 ; 0 s                 ; 2.32 V                       ; 2.54e-07 V                   ; 2.34 V              ; -0.00774 V          ; 0.109 V                              ; 0.026 V                              ; 6.58e-10 s                  ; 8.24e-10 s                  ; Yes                        ; Yes                        ; 2.32 V                      ; 2.54e-07 V                  ; 2.34 V             ; -0.00774 V         ; 0.109 V                             ; 0.026 V                             ; 6.58e-10 s                 ; 8.24e-10 s                 ; Yes                       ; Yes                       ;
+---------------+--------------+---------------------+---------------------+------------------------------+------------------------------+---------------------+---------------------+--------------------------------------+--------------------------------------+-----------------------------+-----------------------------+----------------------------+----------------------------+-----------------------------+-----------------------------+--------------------+--------------------+-------------------------------------+-------------------------------------+----------------------------+----------------------------+---------------------------+---------------------------+


+--------------------------------------------------------------------------------------------------------------------------------------------------------------------------------------------------------------------------------------------------------------------------------------------------------------------------------------------------------------------------------------------------------------------------------------------------------------------------------------------------------------------------------------------------------------------------------------------------------------------------------------------------------------------------------------------+
; Signal Integrity Metrics (Fast 1200mv 0c Model)                                                                                                                                                                                                                                                                                                                                                                                                                                                                                                                                                                                                                                            ;
+---------------+--------------+---------------------+---------------------+------------------------------+------------------------------+---------------------+---------------------+--------------------------------------+--------------------------------------+-----------------------------+-----------------------------+----------------------------+----------------------------+-----------------------------+-----------------------------+--------------------+--------------------+-------------------------------------+-------------------------------------+----------------------------+----------------------------+---------------------------+---------------------------+
; Pin           ; I/O Standard ; Board Delay on Rise ; Board Delay on Fall ; Steady State Voh at FPGA Pin ; Steady State Vol at FPGA Pin ; Voh Max at FPGA Pin ; Vol Min at FPGA Pin ; Ringback Voltage on Rise at FPGA Pin ; Ringback Voltage on Fall at FPGA Pin ; 10-90 Rise Time at FPGA Pin ; 90-10 Fall Time at FPGA Pin ; Monotonic Rise at FPGA Pin ; Monotonic Fall at FPGA Pin ; Steady State Voh at Far-end ; Steady State Vol at Far-end ; Voh Max at Far-end ; Vol Min at Far-end ; Ringback Voltage on Rise at Far-end ; Ringback Voltage on Fall at Far-end ; 10-90 Rise Time at Far-end ; 90-10 Fall Time at Far-end ; Monotonic Rise at Far-end ; Monotonic Fall at Far-end ;
+---------------+--------------+---------------------+---------------------+------------------------------+------------------------------+---------------------+---------------------+--------------------------------------+--------------------------------------+-----------------------------+-----------------------------+----------------------------+----------------------------+-----------------------------+-----------------------------+--------------------+--------------------+-------------------------------------+-------------------------------------+----------------------------+----------------------------+---------------------------+---------------------------+
; DATA_OUT      ; 2.5 V        ; 0 s                 ; 0 s                 ; 2.62 V                       ; 2.74e-08 V                   ; 2.73 V              ; -0.0384 V           ; 0.169 V                              ; 0.089 V                              ; 2.7e-10 s                   ; 2.62e-10 s                  ; Yes                        ; Yes                        ; 2.62 V                      ; 2.74e-08 V                  ; 2.73 V             ; -0.0384 V          ; 0.169 V                             ; 0.089 V                             ; 2.7e-10 s                  ; 2.62e-10 s                 ; Yes                       ; Yes                       ;
; DATA_IN       ; 2.5 V        ; 0 s                 ; 0 s                 ; 2.62 V                       ; 4.05e-08 V                   ; 2.72 V              ; -0.0349 V           ; 0.173 V                              ; 0.1 V                                ; 2.72e-10 s                  ; 2.69e-10 s                  ; Yes                        ; Yes                        ; 2.62 V                      ; 4.05e-08 V                  ; 2.72 V             ; -0.0349 V          ; 0.173 V                             ; 0.1 V                               ; 2.72e-10 s                 ; 2.69e-10 s                 ; Yes                       ; Yes                       ;
; LED[0]        ; 2.5 V        ; 0 s                 ; 0 s                 ; 2.62 V                       ; 4.05e-08 V                   ; 2.72 V              ; -0.0349 V           ; 0.173 V                              ; 0.1 V                                ; 2.72e-10 s                  ; 2.69e-10 s                  ; Yes                        ; Yes                        ; 2.62 V                      ; 4.05e-08 V                  ; 2.72 V             ; -0.0349 V          ; 0.173 V                             ; 0.1 V                               ; 2.72e-10 s                 ; 2.69e-10 s                 ; Yes                       ; Yes                       ;
; LED[1]        ; 2.5 V        ; 0 s                 ; 0 s                 ; 2.62 V                       ; 4.05e-08 V                   ; 2.72 V              ; -0.0349 V           ; 0.173 V                              ; 0.1 V                                ; 2.72e-10 s                  ; 2.69e-10 s                  ; Yes                        ; Yes                        ; 2.62 V                      ; 4.05e-08 V                  ; 2.72 V             ; -0.0349 V          ; 0.173 V                             ; 0.1 V                               ; 2.72e-10 s                 ; 2.69e-10 s                 ; Yes                       ; Yes                       ;
; LED[2]        ; 2.5 V        ; 0 s                 ; 0 s                 ; 2.62 V                       ; 4.05e-08 V                   ; 2.72 V              ; -0.0349 V           ; 0.173 V                              ; 0.1 V                                ; 2.72e-10 s                  ; 2.69e-10 s                  ; Yes                        ; Yes                        ; 2.62 V                      ; 4.05e-08 V                  ; 2.72 V             ; -0.0349 V          ; 0.173 V                             ; 0.1 V                               ; 2.72e-10 s                 ; 2.69e-10 s                 ; Yes                       ; Yes                       ;
; LED[3]        ; 2.5 V        ; 0 s                 ; 0 s                 ; 2.62 V                       ; 4.05e-08 V                   ; 2.72 V              ; -0.0349 V           ; 0.173 V                              ; 0.1 V                                ; 2.72e-10 s                  ; 2.69e-10 s                  ; Yes                        ; Yes                        ; 2.62 V                      ; 4.05e-08 V                  ; 2.72 V             ; -0.0349 V          ; 0.173 V                             ; 0.1 V                               ; 2.72e-10 s                 ; 2.69e-10 s                 ; Yes                       ; Yes                       ;
; SEG[0]        ; 2.5 V        ; 0 s                 ; 0 s                 ; 2.62 V                       ; 4.05e-08 V                   ; 2.72 V              ; -0.0349 V           ; 0.173 V                              ; 0.1 V                                ; 2.72e-10 s                  ; 2.69e-10 s                  ; Yes                        ; Yes                        ; 2.62 V                      ; 4.05e-08 V                  ; 2.72 V             ; -0.0349 V          ; 0.173 V                             ; 0.1 V                               ; 2.72e-10 s                 ; 2.69e-10 s                 ; Yes                       ; Yes                       ;
; SEG[1]        ; 2.5 V        ; 0 s                 ; 0 s                 ; 2.62 V                       ; 2.74e-08 V                   ; 2.71 V              ; -0.0317 V           ; 0.148 V                              ; 0.064 V                              ; 4.51e-10 s                  ; 4.15e-10 s                  ; No                         ; Yes                        ; 2.62 V                      ; 2.74e-08 V                  ; 2.71 V             ; -0.0317 V          ; 0.148 V                             ; 0.064 V                             ; 4.51e-10 s                 ; 4.15e-10 s                 ; No                        ; Yes                       ;
; SEG[2]        ; 2.5 V        ; 0 s                 ; 0 s                 ; 2.62 V                       ; 2.74e-08 V                   ; 2.73 V              ; -0.0384 V           ; 0.169 V                              ; 0.089 V                              ; 2.7e-10 s                   ; 2.62e-10 s                  ; Yes                        ; Yes                        ; 2.62 V                      ; 2.74e-08 V                  ; 2.73 V             ; -0.0384 V          ; 0.169 V                             ; 0.089 V                             ; 2.7e-10 s                  ; 2.62e-10 s                 ; Yes                       ; Yes                       ;
; SEG[3]        ; 2.5 V        ; 0 s                 ; 0 s                 ; 2.62 V                       ; 2.74e-08 V                   ; 2.71 V              ; -0.0317 V           ; 0.148 V                              ; 0.064 V                              ; 4.51e-10 s                  ; 4.15e-10 s                  ; No                         ; Yes                        ; 2.62 V                      ; 2.74e-08 V                  ; 2.71 V             ; -0.0317 V          ; 0.148 V                             ; 0.064 V                             ; 4.51e-10 s                 ; 4.15e-10 s                 ; No                        ; Yes                       ;
; SEG[4]        ; 2.5 V        ; 0 s                 ; 0 s                 ; 2.62 V                       ; 2.74e-08 V                   ; 2.71 V              ; -0.0317 V           ; 0.148 V                              ; 0.064 V                              ; 4.51e-10 s                  ; 4.15e-10 s                  ; No                         ; Yes                        ; 2.62 V                      ; 2.74e-08 V                  ; 2.71 V             ; -0.0317 V          ; 0.148 V                             ; 0.064 V                             ; 4.51e-10 s                 ; 4.15e-10 s                 ; No                        ; Yes                       ;
; SEG[5]        ; 2.5 V        ; 0 s                 ; 0 s                 ; 2.62 V                       ; 2.74e-08 V                   ; 2.73 V              ; -0.0384 V           ; 0.169 V                              ; 0.089 V                              ; 2.7e-10 s                   ; 2.62e-10 s                  ; Yes                        ; Yes                        ; 2.62 V                      ; 2.74e-08 V                  ; 2.73 V             ; -0.0384 V          ; 0.169 V                             ; 0.089 V                             ; 2.7e-10 s                  ; 2.62e-10 s                 ; Yes                       ; Yes                       ;
; SEG[6]        ; 2.5 V        ; 0 s                 ; 0 s                 ; 2.62 V                       ; 2.74e-08 V                   ; 2.71 V              ; -0.0317 V           ; 0.148 V                              ; 0.064 V                              ; 4.51e-10 s                  ; 4.15e-10 s                  ; No                         ; Yes                        ; 2.62 V                      ; 2.74e-08 V                  ; 2.71 V             ; -0.0317 V          ; 0.148 V                             ; 0.064 V                             ; 4.51e-10 s                 ; 4.15e-10 s                 ; No                        ; Yes                       ;
; SEG[7]        ; 2.5 V        ; 0 s                 ; 0 s                 ; 2.62 V                       ; 2.74e-08 V                   ; 2.73 V              ; -0.0384 V           ; 0.169 V                              ; 0.089 V                              ; 2.7e-10 s                   ; 2.62e-10 s                  ; Yes                        ; Yes                        ; 2.62 V                      ; 2.74e-08 V                  ; 2.73 V             ; -0.0384 V          ; 0.169 V                             ; 0.089 V                             ; 2.7e-10 s                  ; 2.62e-10 s                 ; Yes                       ; Yes                       ;
; DIG[0]        ; 2.5 V        ; 0 s                 ; 0 s                 ; 2.62 V                       ; 2.74e-08 V                   ; 2.64 V              ; -0.0117 V           ; 0.202 V                              ; 0.176 V                              ; 2.38e-09 s                  ; 2.22e-09 s                  ; No                         ; Yes                        ; 2.62 V                      ; 2.74e-08 V                  ; 2.64 V             ; -0.0117 V          ; 0.202 V                             ; 0.176 V                             ; 2.38e-09 s                 ; 2.22e-09 s                 ; No                        ; Yes                       ;
; DIG[1]        ; 2.5 V        ; 0 s                 ; 0 s                 ; 2.62 V                       ; 2.74e-08 V                   ; 2.71 V              ; -0.0317 V           ; 0.148 V                              ; 0.064 V                              ; 4.51e-10 s                  ; 4.15e-10 s                  ; No                         ; Yes                        ; 2.62 V                      ; 2.74e-08 V                  ; 2.71 V             ; -0.0317 V          ; 0.148 V                             ; 0.064 V                             ; 4.51e-10 s                 ; 4.15e-10 s                 ; No                        ; Yes                       ;
; DIG[2]        ; 2.5 V        ; 0 s                 ; 0 s                 ; 2.62 V                       ; 2.74e-08 V                   ; 2.73 V              ; -0.0384 V           ; 0.169 V                              ; 0.089 V                              ; 2.7e-10 s                   ; 2.62e-10 s                  ; Yes                        ; Yes                        ; 2.62 V                      ; 2.74e-08 V                  ; 2.73 V             ; -0.0384 V          ; 0.169 V                             ; 0.089 V                             ; 2.7e-10 s                  ; 2.62e-10 s                 ; Yes                       ; Yes                       ;
; DIG[3]        ; 2.5 V        ; 0 s                 ; 0 s                 ; 2.62 V                       ; 2.74e-08 V                   ; 2.73 V              ; -0.0384 V           ; 0.169 V                              ; 0.089 V                              ; 2.7e-10 s                   ; 2.62e-10 s                  ; Yes                        ; Yes                        ; 2.62 V                      ; 2.74e-08 V                  ; 2.73 V             ; -0.0384 V          ; 0.169 V                             ; 0.089 V                             ; 2.7e-10 s                  ; 2.62e-10 s                 ; Yes                       ; Yes                       ;
; ~ALTERA_DCLK~ ; 2.5 V        ; 0 s                 ; 0 s                 ; 2.62 V                       ; 2.22e-08 V                   ; 2.74 V              ; -0.06 V             ; 0.158 V                              ; 0.08 V                               ; 2.68e-10 s                  ; 2.19e-10 s                  ; Yes                        ; Yes                        ; 2.62 V                      ; 2.22e-08 V                  ; 2.74 V             ; -0.06 V            ; 0.158 V                             ; 0.08 V                              ; 2.68e-10 s                 ; 2.19e-10 s                 ; Yes                       ; Yes                       ;
; ~ALTERA_nCEO~ ; 2.5 V        ; 0 s                 ; 0 s                 ; 2.62 V                       ; 3.54e-08 V                   ; 2.7 V               ; -0.00943 V          ; 0.276 V                              ; 0.035 V                              ; 3.19e-10 s                  ; 4.99e-10 s                  ; No                         ; Yes                        ; 2.62 V                      ; 3.54e-08 V                  ; 2.7 V              ; -0.00943 V         ; 0.276 V                             ; 0.035 V                             ; 3.19e-10 s                 ; 4.99e-10 s                 ; No                        ; Yes                       ;
+---------------+--------------+---------------------+---------------------+------------------------------+------------------------------+---------------------+---------------------+--------------------------------------+--------------------------------------+-----------------------------+-----------------------------+----------------------------+----------------------------+-----------------------------+-----------------------------+--------------------+--------------------+-------------------------------------+-------------------------------------+----------------------------+----------------------------+---------------------------+---------------------------+


+-------------------------------------------------------------------+
; Setup Transfers                                                   ;
+------------+----------+----------+----------+----------+----------+
; From Clock ; To Clock ; RR Paths ; FR Paths ; RF Paths ; FF Paths ;
+------------+----------+----------+----------+----------+----------+
; CLK        ; CLK      ; 1295     ; 0        ; 0        ; 0        ;
+------------+----------+----------+----------+----------+----------+
Entries labeled "false path" only account for clock-to-clock false paths and not path-based false paths. As a result, actual path counts may be lower than reported.


+-------------------------------------------------------------------+
; Hold Transfers                                                    ;
+------------+----------+----------+----------+----------+----------+
; From Clock ; To Clock ; RR Paths ; FR Paths ; RF Paths ; FF Paths ;
+------------+----------+----------+----------+----------+----------+
; CLK        ; CLK      ; 1295     ; 0        ; 0        ; 0        ;
+------------+----------+----------+----------+----------+----------+
Entries labeled "false path" only account for clock-to-clock false paths and not path-based false paths. As a result, actual path counts may be lower than reported.


+-------------------------------------------------------------------+
; Recovery Transfers                                                ;
+------------+----------+----------+----------+----------+----------+
; From Clock ; To Clock ; RR Paths ; FR Paths ; RF Paths ; FF Paths ;
+------------+----------+----------+----------+----------+----------+
; CLK        ; CLK      ; 26       ; 0        ; 0        ; 0        ;
+------------+----------+----------+----------+----------+----------+
Entries labeled "false path" only account for clock-to-clock false paths and not path-based false paths. As a result, actual path counts may be lower than reported.


+-------------------------------------------------------------------+
; Removal Transfers                                                 ;
+------------+----------+----------+----------+----------+----------+
; From Clock ; To Clock ; RR Paths ; FR Paths ; RF Paths ; FF Paths ;
+------------+----------+----------+----------+----------+----------+
; CLK        ; CLK      ; 26       ; 0        ; 0        ; 0        ;
+------------+----------+----------+----------+----------+----------+
Entries labeled "false path" only account for clock-to-clock false paths and not path-based false paths. As a result, actual path counts may be lower than reported.


---------------
; Report TCCS ;
---------------
No dedicated SERDES Transmitter circuitry present in device or used in design


---------------
; Report RSKM ;
---------------
No non-DPA dedicated SERDES Receiver circuitry present in device or used in design


+------------------------------------------------+
; Unconstrained Paths Summary                    ;
+---------------------------------+-------+------+
; Property                        ; Setup ; Hold ;
+---------------------------------+-------+------+
; Illegal Clocks                  ; 0     ; 0    ;
; Unconstrained Clocks            ; 0     ; 0    ;
; Unconstrained Input Ports       ; 5     ; 5    ;
; Unconstrained Input Port Paths  ; 6     ; 6    ;
; Unconstrained Output Ports      ; 15    ; 15   ;
; Unconstrained Output Port Paths ; 61    ; 61   ;
+---------------------------------+-------+------+


+-------------------------------------+
; Clock Status Summary                ;
+--------+-------+------+-------------+
; Target ; Clock ; Type ; Status      ;
+--------+-------+------+-------------+
; CLK    ; CLK   ; Base ; Constrained ;
+--------+-------+------+-------------+


+---------------------------------------------------------------------------------------------------+
; Unconstrained Input Ports                                                                         ;
+------------+--------------------------------------------------------------------------------------+
; Input Port ; Comment                                                                              ;
+------------+--------------------------------------------------------------------------------------+
; KEY_SW[0]  ; No input delay, min/max delays, false-path exceptions, or max skew assignments found ;
; KEY_SW[1]  ; No input delay, min/max delays, false-path exceptions, or max skew assignments found ;
; KEY_SW[2]  ; No input delay, min/max delays, false-path exceptions, or max skew assignments found ;
; KEY_SW[3]  ; No input delay, min/max delays, false-path exceptions, or max skew assignments found ;
; RESET      ; No input delay, min/max delays, false-path exceptions, or max skew assignments found ;
+------------+--------------------------------------------------------------------------------------+


+-----------------------------------------------------------------------------------------------------+
; Unconstrained Output Ports                                                                          ;
+-------------+---------------------------------------------------------------------------------------+
; Output Port ; Comment                                                                               ;
+-------------+---------------------------------------------------------------------------------------+
; DIG[0]      ; No output delay, min/max delays, false-path exceptions, or max skew assignments found ;
; DIG[1]      ; No output delay, min/max delays, false-path exceptions, or max skew assignments found ;
; DIG[2]      ; No output delay, min/max delays, false-path exceptions, or max skew assignments found ;
; DIG[3]      ; No output delay, min/max delays, false-path exceptions, or max skew assignments found ;
; LED[0]      ; No output delay, min/max delays, false-path exceptions, or max skew assignments found ;
; LED[1]      ; No output delay, min/max delays, false-path exceptions, or max skew assignments found ;
; LED[2]      ; No output delay, min/max delays, false-path exceptions, or max skew assignments found ;
; LED[3]      ; No output delay, min/max delays, false-path exceptions, or max skew assignments found ;
; SEG[1]      ; No output delay, min/max delays, false-path exceptions, or max skew assignments found ;
; SEG[2]      ; No output delay, min/max delays, false-path exceptions, or max skew assignments found ;
; SEG[3]      ; No output delay, min/max delays, false-path exceptions, or max skew assignments found ;
; SEG[4]      ; No output delay, min/max delays, false-path exceptions, or max skew assignments found ;
; SEG[5]      ; No output delay, min/max delays, false-path exceptions, or max skew assignments found ;
; SEG[6]      ; No output delay, min/max delays, false-path exceptions, or max skew assignments found ;
; SEG[7]      ; No output delay, min/max delays, false-path exceptions, or max skew assignments found ;
+-------------+---------------------------------------------------------------------------------------+


+---------------------------------------------------------------------------------------------------+
; Unconstrained Input Ports                                                                         ;
+------------+--------------------------------------------------------------------------------------+
; Input Port ; Comment                                                                              ;
+------------+--------------------------------------------------------------------------------------+
; KEY_SW[0]  ; No input delay, min/max delays, false-path exceptions, or max skew assignments found ;
; KEY_SW[1]  ; No input delay, min/max delays, false-path exceptions, or max skew assignments found ;
; KEY_SW[2]  ; No input delay, min/max delays, false-path exceptions, or max skew assignments found ;
; KEY_SW[3]  ; No input delay, min/max delays, false-path exceptions, or max skew assignments found ;
; RESET      ; No input delay, min/max delays, false-path exceptions, or max skew assignments found ;
+------------+--------------------------------------------------------------------------------------+


+-----------------------------------------------------------------------------------------------------+
; Unconstrained Output Ports                                                                          ;
+-------------+---------------------------------------------------------------------------------------+
; Output Port ; Comment                                                                               ;
+-------------+---------------------------------------------------------------------------------------+
; DIG[0]      ; No output delay, min/max delays, false-path exceptions, or max skew assignments found ;
; DIG[1]      ; No output delay, min/max delays, false-path exceptions, or max skew assignments found ;
; DIG[2]      ; No output delay, min/max delays, false-path exceptions, or max skew assignments found ;
; DIG[3]      ; No output delay, min/max delays, false-path exceptions, or max skew assignments found ;
; LED[0]      ; No output delay, min/max delays, false-path exceptions, or max skew assignments found ;
; LED[1]      ; No output delay, min/max delays, false-path exceptions, or max skew assignments found ;
; LED[2]      ; No output delay, min/max delays, false-path exceptions, or max skew assignments found ;
; LED[3]      ; No output delay, min/max delays, false-path exceptions, or max skew assignments found ;
; SEG[1]      ; No output delay, min/max delays, false-path exceptions, or max skew assignments found ;
; SEG[2]      ; No output delay, min/max delays, false-path exceptions, or max skew assignments found ;
; SEG[3]      ; No output delay, min/max delays, false-path exceptions, or max skew assignments found ;
; SEG[4]      ; No output delay, min/max delays, false-path exceptions, or max skew assignments found ;
; SEG[5]      ; No output delay, min/max delays, false-path exceptions, or max skew assignments found ;
; SEG[6]      ; No output delay, min/max delays, false-path exceptions, or max skew assignments found ;
; SEG[7]      ; No output delay, min/max delays, false-path exceptions, or max skew assignments found ;
+-------------+---------------------------------------------------------------------------------------+


+--------------------------+
; Timing Analyzer Messages ;
+--------------------------+
Info: *******************************************************************
Info: Running Quartus Prime Timing Analyzer
    Info: Version 21.1.1 Build 850 06/23/2022 SJ Lite Edition
    Info: Processing started: Sat Oct 10 19:16:47 2026
Info: Command: quartus_sta commutator -c commutator
Info: qsta_default_script.tcl version: #1
Warning (18236): Number of processors has not been specified which may cause overloading on shared machines.  Set the global assignment NUM_PARALLEL_PROCESSORS in your QSF to an appropriate value for best performance.
Info (20030): Parallel compilation is enabled and will use 12 of the 12 processors detected
Info (21077): Low junction temperature is 0 degrees C
Info (21077): High junction temperature is 85 degrees C
Critical Warning (332012): Synopsys Design Constraints File file not found: 'commutator.sdc'. A Synopsys Design Constraints File is required by the Timing Analyzer to get proper timing constraints. Without it, the Compiler will not properly optimize the design.
Info (332142): No user constrained base clocks found in the design. Calling "derive_clocks -period 1.0"
Info (332105): Deriving Clocks
    Info (332105): create_clock -period 1.000 -name CLK CLK
Info (332143): No user constrained clock uncertainty found in the design. Calling "derive_clock_uncertainty"
Info (332123): Deriving Clock Uncertainty. Please refer to report_sdc in the Timing Analyzer to see clock uncertainties.
Info: Found TIMING_ANALYZER_REPORT_SCRIPT_INCLUDE_DEFAULT_ANALYSIS = ON
Info: Analyzing Slow 1200mV 85C Model
Critical Warning (332148): Timing requirements not met
    Info (11105): For recommendations on closing timing, run Report Timing Closure Recommendations in the Timing Analyzer.
Info (332146): Worst-case setup slack is -3.819
    Info (332119):     Slack       End Point TNS Clock 
    Info (332119): ========= =================== =====================
    Info (332119):    -3.819            -155.156 CLK 
Info (332146): Worst-case hold slack is 0.435
    Info (332119):     Slack       End Point TNS Clock 
    Info (332119): ========= =================== =====================
    Info (332119):     0.435               0.000 CLK 
Info (332146): Worst-case recovery slack is -0.922
    Info (332119):     Slack       End Point TNS Clock 
    Info (332119): ========= =================== =====================
    Info (332119):    -0.922             -15.897 CLK 
Info (332146): Worst-case removal slack is 0.649
    Info (332119):     Slack       End Point TNS Clock 
    Info (332119): ========= =================== =====================
    Info (332119):     0.649               0.000 CLK 
Info (332146): Worst-case minimum pulse width slack is -3.000
    Info (332119):     Slack       End Point TNS Clock 
    Info (332119): ========= =================== =====================
    Info (332119):    -3.000             -96.681 CLK 
Info (332114): Report Metastability: Found 1 synchronizer chains.
    Info (332114): Design MTBF is not calculated because the design doesn't meet its timing requirements.
Info: Analyzing Slow 1200mV 0C Model
Info (334003): Started post-fitting delay annotation
Info (334004): Delay annotation completed successfully
Info (332123): Deriving Clock Uncertainty. Please refer to report_sdc in the Timing Analyzer to see clock uncertainties.
Critical Warning (332148): Timing requirements not met
    Info (11105): For recommendations on closing timing, run Report Timing Closure Recommendations in the Timing Analyzer.
Info (332146): Worst-case setup slack is -3.493
    Info (332119):     Slack       End Point TNS Clock 
    Info (332119): ========= =================== =====================
    Info (332119):    -3.493            -139.151 CLK 
Info (332146): Worst-case hold slack is 0.384
    Info (332119):     Slack       End Point TNS Clock 
    Info (332119): ========= =================== =====================
    Info (332119):     0.384               0.000 CLK 
Info (332146): Worst-case recovery slack is -0.783
    Info (332119):     Slack       End Point TNS Clock 
    Info (332119): ========= =================== =====================
    Info (332119):    -0.783             -12.439 CLK 
Info (332146): Worst-case removal slack is 0.581
    Info (332119):     Slack       End Point TNS Clock 
    Info (332119): ========= =================== =====================
    Info (332119):     0.581               0.000 CLK 
Info (332146): Worst-case minimum pulse width slack is -3.000
    Info (332119):     Slack       End Point TNS Clock 
    Info (332119): ========= =================== =====================
    Info (332119):    -3.000             -96.681 CLK 
Info (332114): Report Metastability: Found 1 synchronizer chains.
    Info (332114): Design MTBF is not calculated because the design doesn't meet its timing requirements.
Info: Analyzing Fast 1200mV 0C Model
Info (332123): Deriving Clock Uncertainty. Please refer to report_sdc in the Timing Analyzer to see clock uncertainties.
Critical Warning (332148): Timing requirements not met
    Info (11105): For recommendations on closing timing, run Report Timing Closure Recommendations in the Timing Analyzer.
Info (332146): Worst-case setup slack is -0.985
    Info (332119):     Slack       End Point TNS Clock 
    Info (332119): ========= =================== =====================
    Info (332119):    -0.985             -31.715 CLK 
Info (332146): Worst-case hold slack is 0.180
    Info (332119):     Slack       End Point TNS Clock 
    Info (332119): ========= =================== =====================
    Info (332119):     0.180               0.000 CLK 
Info (332146): Worst-case recovery slack is 0.123
    Info (332119):     Slack       End Point TNS Clock 
    Info (332119): ========= =================== =====================
    Info (332119):     0.123               0.000 CLK 
Info (332146): Worst-case removal slack is 0.287
    Info (332119):     Slack       End Point TNS Clock 
    Info (332119): ========= =================== =====================
    Info (332119):     0.287               0.000 CLK 
Info (332146): Worst-case minimum pulse width slack is -3.000
    Info (332119):     Slack       End Point TNS Clock 
    Info (332119): ========= =================== =====================
    Info (332119):    -3.000             -70.643 CLK 
Info (332114): Report Metastability: Found 1 synchronizer chains.
    Info (332114): Design MTBF is not calculated because the design doesn't meet its timing requirements.
Info (332102): Design is not fully constrained for setup requirements
Info (332102): Design is not fully constrained for hold requirements
Info: Quartus Prime Timing Analyzer was successful. 0 errors, 5 warnings
    Info: Peak virtual memory: 570 megabytes
    Info: Processing ended: Sat Oct 10 19:16:48 2026
    Info: Elapsed time: 00:00:01
    Info: Total CPU time (on all processors): 00:00:01


